flag; num; time_ms; gps_time_s; gps_time_us; crc
8;1;1994;0;0;20985
8;2;4295;51117;927000;55890
8;3;5790;51120;0;6535
8;4;7344;51121;0;21081
8;5;8670;51122;0;38652
8;6;10010;51124;0;4181
8;7;11336;51125;0;6761
8;8;12686;51126;0;19219
8;9;13998;51128;0;59774
8;10;15330;51129;0;50098
8;11;16644;51130;0;56182
8;12;17973;51131;0;40859
8;13;19297;51133;0;43125
8;14;20666;51134;0;15468
8;15;22073;51135;0;24084
8;16;23402;51137;0;59804
8;17;24739;51138;0;4231
8;18;26102;51139;0;46920
8;19;27515;51141;0;41008
8;20;28919;51142;0;11223
8;21;30333;51143;0;20850
8;22;31747;51145;0;54491
8;23;33151;51146;0;60603
8;24;34513;51147;0;52527
8;25;35834;51149;0;28050
8;26;37155;51150;0;10024
8;27;38478;51151;0;38094
8;28;39796;51153;0;10335
8;29;41210;51154;0;1103
8;30;42601;51155;0;42917
8;31;44000;51157;0;50675
8;32;45419;51158;0;11845
8;33;46827;51159;0;37355
8;34;48229;51161;0;14931
8;35;49652;51162;0;34769
8;36;51065;51163;0;65112
8;37;52463;51165;0;18761
8;38;53876;51166;0;35102
8;39;55289;51167;0;33546
8;40;56691;51169;0;30068
8;41;57599;51170;0;44666
8;42;58244;51170;0;49572
8;43;58953;51171;0;5872
8;44;59583;51172;0;55227
8;45;60300;51172;0;34895
8;46;60932;51173;0;31288
8;47;61648;51174;0;33294
8;48;62279;51174;0;13012
8;49;62968;51175;0;7968
8;50;63620;51176;0;61965
8;51;64356;51176;0;59607
8;52;65008;51177;0;48851
8;53;65694;51178;0;55372
8;54;66287;51178;0;29337
8;55;67027;51179;0;10266
8;56;67677;51180;0;58840
8;57;68398;51180;0;26476
8;58;69034;51181;0;64413
8;59;69745;51182;0;26802
8;60;70378;51182;0;15297
8;61;71101;51183;0;52373
8;62;71718;51183;0;59760
8;63;72438;51184;0;38501
8;64;73089;51185;0;40730
8;65;73783;51186;0;166
8;66;74433;51186;0;2201
8;67;75151;51187;0;53312
8;68;75805;51187;0;4317
8;69;76511;51188;0;32028
8;70;77147;51189;0;14756
8;71;77841;51189;0;64634
8;72;78491;51190;0;47154
8;73;79227;51191;0;46204
8;74;79841;51191;0;6623
8;75;80595;51192;0;53222
8;76;81229;51193;0;23785
8;77;81960;51193;0;2779
8;78;82546;51194;0;6380
8;79;83275;51195;0;19662
8;80;83890;51195;0;34603
8;81;84599;51196;0;27026
8;82;85235;51197;0;62819
8;83;85934;51197;0;2529
8;84;86551;51198;0;9379
8;85;87262;51199;0;34521
8;86;87919;51199;0;33700
8;87;88645;51200;0;48641
8;88;89251;51201;0;33076
8;89;89953;51201;0;62372
8;90;90800;51202;0;8561
8;91;91427;51203;0;44048
8;92;92138;51203;0;5017
8;93;92793;51204;0;7182
8;94;93504;51205;0;48878
8;95;94141;51205;0;24100
8;96;94847;51206;0;22962
8;97;95490;51207;0;56580
8;98;96222;51207;0;42713
8;99;96851;51208;0;36946
8;100;97580;51209;0;6505
8;101;98206;51209;0;14080
8;102;99875;51211;0;39842
8;103;100457;51211;0;29627
8;104;101132;51212;0;60021
8;105;101740;51213;0;38099
8;106;102437;51213;0;41552
8;107;103002;51214;0;9892
8;108;103679;51215;0;10789
8;109;104269;51215;0;56325
8;110;104950;51216;0;3020
8;111;105550;51216;0;4442
8;112;106213;51217;0;29078
8;113;106815;51218;0;60165
8;114;107493;51218;0;39910
8;115;108095;51219;0;29609
8;116;108780;51220;0;53987
8;117;109346;51220;0;46607
8;118;110033;51221;0;42501
8;119;110624;51221;0;36541
8;120;111358;51222;0;11569
8;121;111961;51223;0;62580
8;122;112616;51223;0;10560
8;123;113217;51224;0;31935
8;124;113895;51225;0;30113
8;125;114508;51225;0;44044
8;126;115196;51226;0;62051
8;127;115762;51226;0;26491
8;128;116447;51227;0;12487
8;129;117049;51228;0;5618
8;130;117733;51228;0;28207
8;131;118302;51229;0;60341
8;132;118975;51230;0;37621
8;133;119579;51230;0;22715
8;134;120254;51231;0;43423
8;135;120856;51232;0;43359
8;136;121530;51232;0;20586
8;137;122123;51233;0;46401
8;138;122820;51234;0;13350
8;139;123425;51234;0;35936
8;140;124087;51235;0;56462
8;141;124666;51235;0;53013
8;142;125352;51236;0;57959
8;143;125984;51237;0;59090
8;144;126671;51237;0;4441
8;145;127250;51238;0;10747
8;146;127919;51239;0;42336
8;147;128510;51239;0;50832
8;148;129204;51240;0;34006
8;149;129794;51241;0;14577
8;150;130452;51241;0;53865
8;151;131041;51242;0;19423
8;152;131726;51243;0;40725
8;153;132332;51243;0;41098
8;154;133029;51244;0;22358
8;155;133609;51244;0;46193
8;156;134306;51245;0;51677
8;157;134907;51246;0;10423
8;158;135590;51246;0;33795
8;159;136160;51247;0;52860
8;160;136851;51248;0;57982
8;161;137455;51248;0;22697
8;162;138144;51249;0;9344
8;163;138744;51249;0;24493
8;164;139421;51250;0;36440
8;165;140011;51251;0;40407
8;166;140697;51251;0;48019
8;167;141287;51252;0;13183
8;168;141958;51253;0;29908
8;169;142542;51253;0;14505
8;170;143225;51254;0;65183
8;171;143823;51254;0;31702
8;172;144510;51255;0;13609
8;173;145090;51256;0;53780
8;174;145764;51256;0;7099
8;175;146365;51257;0;57302
8;176;147042;51258;0;36965
8;177;147660;51258;0;55163
8;178;148316;51259;0;63488
8;179;148912;51260;0;47792
8;180;149595;51260;0;58944
8;181;150186;51261;0;22309
8;182;150867;51262;0;3458
8;183;151447;51262;0;44133
8;184;152133;51263;0;18493
8;185;152725;51263;0;33305
8;186;153408;51264;0;20638
8;187;153986;51265;0;20061
8;188;154674;51265;0;17412
8;189;155275;51266;0;48175
8;190;155971;51267;0;28258
8;191;156562;51267;0;63092
8;192;157228;51268;0;45135
8;193;157840;51269;0;15018
8;194;159390;51270;0;40478
8;195;159980;51271;0;9905
8;196;160664;51271;0;42793
8;197;161234;51272;0;13436
8;198;161918;51273;0;2033
8;199;162523;51273;0;5763
8;200;163203;51274;0;40350
8;201;163800;51275;0;62904
8;202;164454;51275;0;33380
8;203;165056;51276;0;214
8;204;165739;51277;0;38351
8;205;166342;51277;0;27868
8;206;167028;51278;0;21951
8;207;167607;51278;0;64531
8;208;168293;51279;0;32271
8;209;168891;51280;0;4492
8;210;169588;51280;0;28963
8;211;170168;51281;0;32630
8;212;170837;51282;0;46007
8;213;171428;51282;0;5190
8;214;172113;51283;0;10817
8;215;172703;51283;0;38628
8;216;173358;51284;0;4872
8;217;173971;51285;0;26961
8;218;174647;51285;0;1703
8;219;175251;51286;0;36242
8;220;175933;51287;0;5674
8;221;176517;51287;0;33781
8;222;177206;51288;0;43092
8;223;177796;51289;0;49646
8;224;178504;51289;0;60181
8;225;179083;51290;0;35532
8;226;179755;51290;0;19040
8;227;180340;51291;0;26569
8;228;181041;51292;0;31692
8;229;181634;51292;0;1943
8;230;182289;51293;0;32265
8;231;182885;51294;0;58570
8;232;183570;51294;0;56033
8;233;184159;51295;0;36521
8;234;184844;51296;0;3366
8;235;185432;51296;0;24695
8;236;186106;51297;0;13818
8;237;186697;51298;0;64275
8;238;187394;51298;0;15561
8;239;187970;51299;0;32136
8;240;188679;51299;0;34695
8;241;189272;51300;0;25278
8;242;189955;51301;0;54759
8;243;190547;51301;0;6124
8;244;191201;51302;0;64151
8;245;191789;51303;0;36357
8;246;192486;51303;0;51907
8;247;193081;51304;0;17807
8;248;193764;51305;0;15741
8;249;194345;51305;0;23566
8;250;195051;51306;0;15273
8;251;195651;51306;0;5743
8;252;196341;51307;0;31078
8;253;196921;51308;0;29388
8;254;197598;51308;0;20182
8;255;198202;51309;0;61439
8;256;198903;51310;0;61423
8;257;199504;51310;0;8254
8;258;200160;51311;0;59627
8;259;200750;51312;0;28214
8;260;201433;51312;0;39129
8;261;202024;51313;0;41138
8;262;202695;51314;0;20341
8;263;203510;51314;0;17681
8;264;204178;51315;0;3622
8;265;204768;51316;0;37046
8;266;205457;51316;0;19991
8;267;206057;51317;0;7241
8;268;206728;51317;0;42016
8;269;207321;51318;0;44331
8;270;208002;51319;0;6770
8;271;208601;51319;0;13703
8;272;209282;51320;0;39926
8;273;209849;51321;0;16432
8;274;210533;51321;0;4688
8;275;211140;51322;0;13642
8;276;211836;51323;0;37532
8;277;212455;51323;0;39887
8;278;213111;51324;0;56471
8;279;213699;51324;0;63936
8;280;214394;51325;0;59215
8;281;214989;51326;0;4082
8;282;215661;51326;0;28112
8;283;216227;51327;0;51169
8;284;216913;51328;0;29609
8;285;217514;51328;0;16041
8;286;218220;51329;0;264
8;287;218794;51329;0;42501
8;288;219466;51330;0;15447
8;289;220056;51331;0;58893
8;290;220738;51331;0;48979
8;291;221349;51332;0;48669
8;292;222006;51333;0;26972
8;293;222607;51333;0;2117
8;294;223295;51334;0;38210
8;295;223897;51335;0;50812
8;296;224571;51335;0;46663
8;297;225151;51336;0;25795
8;298;225838;51336;0;32440
8;299;226437;51337;0;27080
8;300;227131;51338;0;19078
8;301;227710;51338;0;45436
8;302;228385;51339;0;3057
8;303;228990;51340;0;61128
8;304;229669;51340;0;65150
8;305;230271;51341;0;38189
8;306;230945;51342;0;41843
8;307;231538;51342;0;25831
8;308;232230;51343;0;52236
8;309;233177;51344;0;59367
8;310;233758;51344;0;52192
8;311;234429;51345;0;38527
8;312;235021;51346;0;48952
8;313;235707;51346;0;28492
8;314;236292;51347;0;15732
8;315;236961;51348;0;47705
8;316;237565;51348;0;38528
8;317;238264;51349;0;44308
8;318;238865;51350;0;7587
8;319;239549;51350;0;5132
8;320;240117;51351;0;11687
8;321;240800;51352;0;58043
8;322;241402;51352;0;14585
8;323;242099;51353;0;8152
8;324;242664;51353;0;15178
8;325;243334;51354;0;41510
8;326;243923;51355;0;57245
8;327;244609;51355;0;12540
8;328;245200;51356;0;29720
8;329;245869;51357;0;16096
8;330;246459;51357;0;22655
8;331;247148;51358;0;35372
8;332;247736;51359;0;20527
8;333;248418;51359;0;23869
8;334;248990;51360;0;34329
8;335;249670;51361;0;39240
8;336;250258;51361;0;36848
8;337;250957;51362;0;59064
8;338;251541;51362;0;37041
8;339;252204;51363;0;52412
8;340;252804;51364;0;1208
8;341;253479;51364;0;14153
8;342;254079;51365;0;41148
8;343;254746;51366;0;54803
8;344;255350;51366;0;6422
8;345;256038;51367;0;58420
8;346;256655;51368;0;52282
8;347;257357;51368;0;61421
8;348;257935;51369;0;2432
8;349;258616;51369;0;63302
8;350;259206;51370;0;41123
8;351;259892;51371;0;4432
8;352;260472;51371;0;18755
8;353;261145;51372;0;52385
8;354;261733;51372;0;29565
8;355;262420;51373;0;28155
8;356;263018;51374;0;57629
8;357;263671;51374;0;58224
8;358;264275;51375;0;52053
8;359;264957;51376;0;8294
8;360;265545;51376;0;27699
8;361;266215;51377;0;9381
8;362;266798;51378;0;28914
8;363;267492;51378;0;37060
8;364;268094;51379;0;33304
8;365;268779;51380;0;8971
8;366;269359;51380;0;23955
8;367;270031;51381;0;55507
8;368;270632;51381;0;57399
8;369;271317;51382;0;51336
8;370;271919;51383;0;47269
8;371;272588;51383;0;35936
8;372;273178;51384;0;5841
8;373;273863;51385;0;36399
8;374;274452;51385;0;14367
8;375;275135;51386;0;61838
8;376;275706;51387;0;3877
8;377;276384;51387;0;64492
8;378;276977;51388;0;2888
8;379;278407;51389;0;18816
8;380;279019;51390;0;48263
8;381;279716;51390;0;32843
8;382;280318;51391;0;7642
8;383;280999;51392;0;30347
8;384;281578;51392;0;41701
8;385;282262;51393;0;34197
8;386;282855;51394;0;16833
8;387;283539;51394;0;52030
8;388;284105;51395;0;64077
8;389;284793;51396;0;40677
8;390;285383;51396;0;20530
8;391;286096;51397;0;42854
8;392;286686;51397;0;20846
8;393;287338;51398;0;51256
8;394;287940;51399;0;10027
8;395;288650;51399;0;59750
8;396;289269;51400;0;33931
8;397;289950;51401;0;40160
8;398;290514;51401;0;31436
8;399;291202;51402;0;64966
8;400;291790;51403;0;35840
8;401;292486;51403;0;47239
8;402;293066;51404;0;27258
8;403;293737;51405;0;61356
8;404;294323;51405;0;13229
8;405;295007;51406;0;38460
8;406;295596;51406;0;37026
8;407;296253;51407;0;6953
8;408;296859;51408;0;3006
8;409;297547;51408;0;7150
8;410;298150;51409;0;11298
8;411;298809;51410;0;27102
8;412;299377;51410;0;55671
8;413;300062;51411;0;52424
8;414;300650;51411;0;26812
8;415;301337;51412;0;57049
8;416;301904;51413;0;15473
8;417;302577;51413;0;29072
8;418;303165;51414;0;33052
8;419;303858;51415;0;31007
8;420;304459;51415;0;52008
8;421;305112;51416;0;20822
8;422;305715;51416;0;61443
8;423;306399;51417;0;12920
8;424;307000;51418;0;2192
8;425;307683;51418;0;11056
8;426;308265;51419;0;749
8;427;308976;51420;0;17995
8;428;309567;51420;0;55676
8;429;310249;51421;0;3826
8;430;310818;51422;0;44028
8;431;311506;51422;0;5732
8;432;312093;51423;0;4309
8;433;312790;51424;0;27784
8;434;313379;51424;0;59931
8;435;314035;51425;0;60395
8;436;314637;51425;0;20887
8;437;315323;51426;0;47711
8;438;315913;51427;0;64297
8;439;316582;51427;0;42590
8;440;317150;51428;0;50560
8;441;317845;51429;0;45430
8;442;318434;51429;0;4253
8;443;319134;51430;0;47179
8;444;319720;51431;0;44077
8;445;320396;51431;0;4482
8;446;321001;51432;0;2390
8;447;321676;51433;0;41765
8;448;322289;51433;0;31173
8;449;322958;51434;0;29759
8;450;323559;51434;0;61970
8;451;324248;51435;0;10062
8;452;324835;51436;0;64291
8;453;325509;51436;0;16486
8;454;326086;51437;0;435
8;455;326771;51438;0;50777
8;456;327369;51438;0;5012
8;457;328066;51439;0;14879
8;458;328633;51439;0;20680
8;459;329301;51440;0;18924
8;460;329905;51441;0;14806
8;461;330589;51441;0;13680
8;462;331193;51442;0;38343
8;463;331851;51443;0;65331
8;464;332443;51443;0;17067
8;465;333125;51444;0;34632
8;466;333733;51444;0;45849
8;467;334418;51445;0;33393
8;468;334987;51446;0;37786
8;469;335678;51446;0;28145
8;470;336276;51447;0;54015
8;471;336972;51448;0;41547
8;472;337554;51448;0;51634
8;473;338222;51449;0;39710
8;474;338823;51450;0;41639
8;475;339508;51450;0;42502
8;476;340110;51451;0;31111
8;477;340766;51452;0;8437
8;478;341388;51452;0;51129
8;479;342085;51453;0;49079
8;480;342672;51453;0;37185
8;481;343361;51454;0;18476
8;482;343938;51455;0;20625
8;483;344638;51455;0;24271
8;484;345228;51456;0;1704
8;485;345926;51457;0;10307
8;486;346517;51457;0;46004
8;487;347199;51458;0;20717
8;488;347787;51459;0;53861
8;489;348475;51459;0;33883
8;490;349069;51460;0;38460
8;491;349722;51460;0;61929
8;492;350310;51461;0;1930
8;493;350996;51462;0;20030
8;494;351609;51462;0;38016
8;495;352275;51463;0;53847
8;496;352844;51464;0;3919
8;497;353529;51464;0;30762
8;498;354130;51465;0;4246
8;499;354818;51466;0;25106
8;500;355396;51466;0;13726
8;501;356069;51467;0;28395
8;502;356669;51467;0;26207
8;503;357353;51468;0;14320
8;504;357947;51469;0;9243
8;505;358599;51469;0;13421
8;506;359191;51470;0;18928
8;507;359876;51471;0;49560
8;508;360465;51471;0;58934
8;509;361133;51472;0;15551
8;510;361715;51472;0;47726
8;511;362401;51473;0;4828
8;512;362989;51474;0;12766
8;513;363673;51474;0;19157
8;514;364250;51475;0;63689
8;515;364936;51476;0;30276
8;516;365524;51476;0;23197
8;517;366221;51477;0;7660
8;518;366822;51478;0;42647
8;519;367474;51478;0;13609
8;520;368068;51479;0;57356
8;521;368767;51480;0;31502
8;522;369357;51480;0;41893
8;523;370035;51481;0;21869
8;524;370603;51481;0;57025
8;525;371299;51482;0;10780
8;526;371885;51483;0;30447
8;527;372568;51483;0;21956
8;528;373136;51484;0;42312
8;529;373808;51485;0;54517
8;530;374396;51485;0;13017
8;531;375093;51486;0;53091
8;532;375686;51487;0;44747
8;533;376353;51487;0;37102
8;534;376952;51488;0;39030
8;535;377649;51488;0;24176
8;536;378238;51489;0;48537
8;537;378915;51490;0;55828
8;538;379484;51490;0;24663
8;539;380171;51491;0;38659
8;540;380763;51492;0;27326
8;541;381468;51492;0;47721
8;542;382039;51493;0;17050
8;543;382723;51494;0;28336
8;544;383310;51494;0;13782
8;545;383996;51495;0;23660
8;546;384585;51495;0;42289
8;547;385239;51496;0;9928
8;548;385832;51497;0;21525
8;549;386512;51497;0;60217
8;550;387103;51498;0;57709
8;551;387784;51499;0;13718
8;552;388354;51499;0;60901
8;553;389065;51500;0;39161
8;554;389681;51500;0;24158
8;555;390358;51501;0;33298
8;556;390937;51502;0;9881
8;557;391621;51502;0;22607
8;558;392224;51503;0;3281
8;559;392931;51504;0;16651
8;560;393532;51504;0;18183
8;561;394187;51505;0;64860
8;562;394788;51506;0;15142
8;563;395472;51506;0;12536
8;564;396076;51507;0;18362
8;565;396746;51507;0;57168
8;566;397315;51508;0;33898
8;567;398010;51509;0;62439
8;568;398610;51509;0;40606
8;569;399306;51510;0;54816
8;570;399906;51511;0;13625
8;571;400569;51511;0;15466
8;572;401159;51512;0;3731
8;573;401845;51513;0;27559
8;574;402450;51513;0;41792
8;575;403120;51514;0;29196
8;576;403723;51514;0;65459
8;577;404406;51515;0;34282
8;578;404994;51516;0;47322
8;579;405663;51516;0;19716
8;580;406260;51517;0;30645
8;581;406936;51518;0;18560
8;582;407526;51518;0;61878
8;583;408208;51519;0;26890
8;584;408792;51519;0;50555
8;585;409501;51520;0;31951
8;586;410103;51521;0;61685
8;587;410789;51522;0;9749
8;588;411382;51522;0;6447
8;589;412036;51523;0;11508
8;590;412624;51523;0;58912
8;591;413331;51524;0;2952
8;592;413935;51525;0;34122
8;593;414619;51525;0;4021
8;594;415184;51526;0;30944
8;595;415889;51527;0;45543
8;596;416480;51527;0;59031
8;597;417172;51528;0;58605
8;598;417741;51528;0;15152
8;599;418415;51529;0;4526
8;600;419021;51530;0;29097
8;601;419703;51531;0;56306
8;602;420294;51531;0;62735
8;603;420948;51532;0;23395
8;604;421535;51532;0;57856
8;605;422222;51533;0;17272
8;606;422825;51534;0;46871
8;607;423511;51534;0;31743
8;608;424080;51535;0;53417
8;609;424767;51535;0;1232
8;610;425370;51536;0;22097
8;611;426064;51537;0;6648
8;612;426632;51537;0;37460
8;613;427304;51538;0;52476
8;614;427904;51539;0;31126
8;615;428598;51539;0;53528
8;616;429201;51540;0;45267
8;617;429857;51541;0;1994
8;618;430446;51541;0;17037
8;619;431130;51542;0;61939
8;620;431724;51542;0;44744
8;621;432410;51543;0;38599
8;622;432987;51544;0;48160
8;623;433673;51544;0;41653
8;624;434276;51545;0;45608
8;625;434971;51546;0;61077
8;626;435532;51546;0;28825
8;627;436204;51547;0;10393
8;628;436810;51548;0;31544
8;629;437509;51548;0;59207
8;630;438112;51549;0;12485
8;631;438777;51550;0;186
8;632;439379;51550;0;52122
8;633;440056;51551;0;36269
8;634;440668;51551;0;17128
8;635;441344;51552;0;54261
8;636;441921;51553;0;39590
8;637;442606;51553;0;57037
8;638;443194;51554;0;44676
8;639;443893;51555;0;1984
8;640;444459;51555;0;49395
8;641;445132;51556;0;52531
8;642;445734;51556;0;27950
8;643;446430;51557;0;50326
8;644;447031;51558;0;964
8;645;447686;51558;0;42037
8;646;448281;51559;0;17901
8;647;448976;51560;0;56072
8;648;449584;51560;0;53290
8;649;450266;51561;0;18472
8;650;450831;51562;0;14234
8;651;451517;51562;0;6643
8;652;452117;51563;0;30849
8;653;452805;51563;0;4139
8;654;453372;51564;0;47886
8;655;454043;51565;0;5546
8;656;454643;51565;0;16587
8;657;455439;51566;0;27974
8;658;456137;51567;0;10781
8;659;456722;51568;0;49164
8;660;457405;51568;0;51035
8;661;457991;51569;0;15431
8;662;458675;51569;0;61394
8;663;459279;51570;0;53014
8;664;459948;51571;0;9154
8;665;460538;51571;0;6462
8;666;461221;51572;0;8517
8;667;461820;51572;0;2138
8;668;462489;51573;0;3008
8;669;463057;51574;0;30843
8;670;463738;51574;0;22292
8;671;464329;51575;0;27804
8;672;465012;51576;0;47315
8;673;465581;51576;0;15213
8;674;466280;51577;0;41440
8;675;466895;51578;0;32269
8;676;467577;51578;0;8867
8;677;468170;51579;0;6443
8;678;468822;51580;0;41191
8;679;469408;51580;0;44499
8;680;470103;51581;0;56889
8;681;470697;51581;0;15212
8;682;471379;51582;0;37863
8;683;471947;51583;0;21759
8;684;472633;51583;0;22604
8;685;473236;51584;0;13584
8;686;473919;51585;0;23980
8;687;474488;51585;0;562
8;688;475160;51586;0;46127
8;689;475749;51586;0;65092
8;690;476435;51587;0;37383
8;691;477024;51588;0;4066
8;692;477681;51588;0;45594
8;693;478271;51589;0;24785
8;694;478966;51590;0;60040
8;695;479568;51590;0;32984
8;696;480251;51591;0;9955
8;697;480818;51592;0;25202
8;698;481504;51592;0;64240
8;699;482120;51593;0;24849
8;700;482807;51594;0;51236
8;701;483380;51594;0;5628
8;702;484050;51595;0;27968
8;703;484636;51595;0;22763
8;704;485330;51596;0;46045
8;705;485933;51597;0;39197
8;706;486597;51597;0;59299
8;707;487185;51598;0;24872
8;708;487868;51599;0;33202
8;709;488469;51599;0;44801
8;710;489157;51600;0;9942
8;711;489739;51600;0;45555
8;712;490436;51601;0;43516
8;713;491028;51602;0;54103
8;714;491711;51602;0;58752
8;715;492309;51603;0;30859
8;716;492984;51604;0;61289
8;717;493572;51604;0;23205
8;718;494269;51605;0;56298
8;719;494874;51606;0;36105
8;720;495543;51606;0;41256
8;721;496143;51607;0;3038
8;722;496839;51608;0;49666
8;723;497440;51608;0;53395
8;724;498116;51609;0;41129
8;725;498685;51609;0;14934
8;726;499381;51610;0;12390
8;727;500397;51611;0;11426
8;728;500988;51612;0;26694
8;729;501674;51612;0;35571
8;730;502253;51613;0;50930
8;731;502923;51614;0;17462
8;732;503512;51614;0;31500
8;733;504216;51615;0;17648
8;734;504810;51616;0;29860
8;735;505478;51616;0;9047
8;736;506079;51617;0;1382
8;737;506783;51617;0;56253
8;738;507370;51618;0;58766
8;739;508053;51619;0;56957
8;740;508635;51619;0;49950
8;741;509312;51620;0;41725
8;742;509899;51621;0;2889
8;743;510582;51621;0;48624
8;744;511162;51622;0;32385
8;745;511832;51623;0;9570
8;746;512446;51623;0;48377
8;747;513144;51624;0;60299
8;748;513733;51624;0;56678
8;749;514387;51625;0;64552
8;750;514998;51626;0;3757
8;751;515709;51626;0;38164
8;752;516327;51627;0;41939
8;753;517001;51628;0;50214
8;754;517567;51628;0;60095
8;755;518251;51629;0;45288
8;756;518842;51630;0;60396
8;757;519527;51630;0;60552
8;758;520095;51631;0;46066
8;759;520775;51632;0;2369
8;760;521360;51632;0;11042
8;761;522046;51633;0;48125
8;762;522637;51633;0;37866
8;763;523294;51634;0;12702
8;764;523910;51635;0;8353
8;765;524614;51635;0;50075
8;766;525200;51636;0;25116
8;767;525870;51637;0;13415
8;768;526437;51637;0;23965
8;769;527134;51638;0;3316
8;770;527734;51638;0;55531
8;771;528433;51639;0;20463
8;772;529001;51640;0;46880
8;773;529682;51640;0;32635
8;774;530274;51641;0;37128
8;775;530965;51642;0;34151
8;776;531558;51642;0;28369
8;777;532209;51643;0;26474
8;778;532799;51643;0;63946
8;779;533500;51644;0;38782
8;780;534088;51645;0;55072
8;781;534759;51645;0;10457
8;782;535324;51646;0;9683
8;783;536032;51647;0;53496
8;784;536622;51647;0;38056
8;785;537307;51648;0;1540
8;786;537872;51649;0;35871
8;787;538540;51649;0;45792
8;788;539143;51650;0;64293
8;789;539841;51651;0;19132
8;790;540435;51651;0;63934
8;791;541091;51652;0;24190
8;792;541682;51652;0;36037
8;793;542378;51653;0;51393
8;794;542979;51654;0;56056
8;795;543639;51654;0;37135
8;796;544205;51655;0;41084
8;797;545373;51656;0;16672
8;798;546069;51657;0;25605
8;799;546673;51657;0;483
8;800;547340;51658;0;46074
8;801;547940;51659;0;55028
8;802;548640;51659;0;62265
8;803;549229;51660;0;11060
8;804;549900;51661;0;9594
8;805;550466;51661;0;13182
8;806;551151;51662;0;62682
8;807;551755;51662;0;16020
8;808;552452;51663;0;42375
8;809;553034;51664;0;61697
8;810;553717;51664;0;15523
8;811;554321;51665;0;57465
8;812;555001;51666;0;10000
8;813;555603;51666;0;44722
8;814;556260;51667;0;28204
8;815;556851;51668;0;57941
8;816;557534;51668;0;53957
8;817;558137;51669;0;30323
8;818;558823;51670;0;49969
8;819;559391;51670;0;1754
8;820;560100;51671;0;41370
8;821;560686;51671;0;14678
8;822;561370;51672;0;18613
8;823;561938;51673;0;24756
8;824;562625;51673;0;20227
8;825;563229;51674;0;33114
8;826;563912;51675;0;42377
8;827;564507;51675;0;45691
8;828;565165;51676;0;23993
8;829;565781;51677;0;23861
8;830;566454;51677;0;57596
8;831;567057;51678;0;59224
8;832;567730;51678;0;40534
8;833;568298;51679;0;62447
8;834;568991;51680;0;57933
8;835;569582;51680;0;6318
8;836;570268;51681;0;54747
8;837;570844;51681;0;33294
8;838;571528;51682;0;2972
8;839;572115;51683;0;25530
8;840;572797;51683;0;1533
8;841;573400;51684;0;54167
8;842;574067;51685;0;21443
8;843;574667;51685;0;12719
8;844;575351;51686;0;5131
8;845;575952;51687;0;46985
8;846;576649;51687;0;16873
8;847;577217;51688;0;34065
8;848;577900;51689;0;36958
8;849;578488;51689;0;1769
8;850;579171;51690;0;38071
8;851;579748;51690;0;49926
8;852;580435;51691;0;43635
8;853;581026;51692;0;51866
8;854;581710;51692;0;40131
8;855;582314;51693;0;5207
8;856;582982;51694;0;25039
8;857;583573;51694;0;65331
8;858;584255;51695;0;51072
8;859;584845;51696;0;23768
8;860;585520;51696;0;45692
8;861;586104;51697;0;20065
8;862;586781;51698;0;16376
8;863;587371;51698;0;27556
8;864;588053;51699;0;62263
8;865;588617;51699;0;54409
8;866;589294;51700;0;41868
8;867;590368;51701;0;11783
8;868;591066;51702;0;21715
8;869;591666;51702;0;21921
8;870;592379;51703;0;41879
8;871;592986;51704;0;20302
8;872;593682;51705;0;11746
8;873;594296;51705;0;65126
8;874;594998;51706;0;65384
8;875;595615;51706;0;63590
8;876;596296;51707;0;3194
8;877;596912;51708;0;9481
8;878;597613;51708;0;29724
8;879;598242;51709;0;24017
8;880;598917;51710;0;2927
8;881;599507;51710;0;24788
8;882;600203;51711;0;28828
8;883;600817;51712;0;32369
8;884;601527;51712;0;61876
8;885;602129;51713;0;31876
8;886;602793;51714;0;28952
8;887;603408;51714;0;51272
8;888;604124;51715;0;54744
8;889;604735;51715;0;39399
8;890;605435;51716;0;22685
8;891;606027;51717;0;61316
8;892;606728;51717;0;55119
8;893;607343;51718;0;11780
8;894;608066;51719;0;59175
8;895;608659;51719;0;36088
8;896;609344;51720;0;9614
8;897;609975;51721;0;40917
8;898;610688;51721;0;40387
8;899;611290;51722;0;31030
8;900;611953;51723;0;7643
8;901;612555;51723;0;56275
8;902;613265;51724;0;7872
8;903;613883;51725;0;32036
8;904;614557;51725;0;35408
8;905;615148;51726;0;7730
8;906;615862;51727;0;2733
8;907;616475;51727;0;35652
8;908;617176;51728;0;52729
8;909;617807;51728;0;2719
8;910;618470;51729;0;48256
8;911;619067;51730;0;9361
8;912;619809;51731;0;15735
8;913;620425;51731;0;14604
8;914;621122;51732;0;12769
8;915;621697;51732;0;51466
8;916;622406;51733;0;63887
8;917;623009;51734;0;15059
8;918;623705;51734;0;3015
8;919;624293;51735;0;44971
8;920;624990;51736;0;22033
8;921;625591;51736;0;35935
8;922;626289;51737;0;46078
8;923;626907;51738;0;57326
8;924;627589;51738;0;11668
8;925;628218;51739;0;30593
8;926;628921;51740;0;52837
8;927;629536;51740;0;18642
8;928;630221;51741;0;13032
8;929;630828;51742;0;20239
8;930;631542;51742;0;16364
8;931;632157;51743;0;61653
8;932;632881;51744;0;37329
8;933;633458;51744;0;37596
8;934;634598;51745;0;39374
8;935;635196;51746;0;43303
8;936;635878;51747;0;35033
8;937;636478;51747;0;8623
8;938;637175;51748;0;22354
8;939;637788;51749;0;51500
8;940;638487;51749;0;62291
8;941;639076;51750;0;10624
8;942;639775;51751;0;397
8;943;640390;51751;0;3636
8;944;641091;51752;0;55468
8;945;641697;51752;0;7381
8;946;642389;51753;0;56541
8;947;643002;51754;0;50648
8;948;643720;51754;0;38009
8;949;644335;51755;0;58004
8;950;645015;51756;0;20429
8;951;645646;51756;0;39424
8;952;646359;51757;0;61222
8;953;646957;51758;0;6043
8;954;647640;51758;0;5813
8;955;648253;51759;0;46313
8;956;648984;51760;0;14434
8;957;649588;51760;0;46565
8;958;650289;51761;0;9594
8;959;650879;51762;0;64267
8;960;651577;51762;0;6289
8;961;652179;51763;0;24019
8;962;652878;51763;0;3270
8;963;653475;51764;0;61325
8;964;654161;51765;0;34905
8;965;654778;51765;0;1466
8;966;655490;51766;0;43587
8;967;656106;51767;0;40458
8;968;656794;51768;0;29096
8;969;657370;51768;0;30522
8;970;658065;51769;0;21949
8;971;658677;51769;0;24860
8;972;659390;51770;0;25314
8;973;659979;51771;0;56605
8;974;660662;51771;0;18194
8;975;661263;51772;0;26653
8;976;661979;51773;0;27723
8;977;662595;51773;0;6269
8;978;663275;51774;0;8881
8;979;664465;51775;0;21302
8;980;665084;51776;0;7651
8;981;665749;51777;0;41452
8;982;666364;51777;0;10177
8;983;667065;51778;0;28297
8;984;667676;51778;0;16889
8;985;668377;51779;0;42168
8;986;668953;51780;0;45151
8;987;669681;51780;0;26980
8;988;670277;51781;0;35764
8;989;670991;51782;0;53535
8;990;671583;51782;0;5663
8;991;672267;51783;0;23931
8;992;672882;51784;0;10613
8;993;673582;51784;0;54914
8;994;674184;51785;0;32951
8;995;674861;51786;0;28685
8;996;675479;51786;0;20139
8;997;676184;51787;0;51221
8;998;676800;51788;0;42052
8;999;677473;51788;0;37215
8;1000;678067;51789;0;22720
8;1001;678780;51789;0;16217
8;1002;679389;51790;0;19471
8;1003;680104;51791;0;11883
8;1004;680709;51791;0;63391
8;1005;681399;51792;0;27847
8;1006;682009;51793;0;22944
8;1007;682709;51793;0;58351
8;1008;683324;51794;0;24097
8;1009;684005;51795;0;39500
8;1010;684611;51795;0;42605
8;1011;685301;51796;0;5007
8;1012;685904;51797;0;38400
8;1013;686604;51797;0;14989
8;1014;687212;51798;0;15695
8;1015;687895;51799;0;58240
8;1016;688492;51799;0;33576
8;1017;689188;51800;0;28269
8;1018;689807;51801;0;56984
8;1019;690491;51801;0;53327
8;1020;691090;51802;0;5203
8;1021;691791;51803;0;62551
8;1022;692409;51803;0;23196
8;1023;693088;51804;0;50803
8;1024;693677;51804;0;9203
8;1025;694388;51805;0;27821
8;1026;695008;51806;0;6637
8;1027;695702;51806;0;50367
8;1028;696289;51807;0;57122
8;1029;696974;51808;0;20377
8;1030;697573;51808;0;40473
8;1031;698277;51809;0;1809
8;1032;698878;51809;0;15137
8;1033;699556;51810;0;63081
8;1034;700169;51811;0;38379
8;1035;700883;51812;0;29222
8;1036;701498;51812;0;35506
8;1037;702186;51813;0;22018
8;1038;702759;51814;0;64015
8;1039;703470;51814;0;20193
8;1040;704088;51815;0;9673
8;1041;704786;51816;0;30665
8;1042;705587;51816;0;7857
8;1043;706184;51817;0;28630
8;1044;706845;51818;0;53190
8;1045;707436;51818;0;37841
8;1046;708120;51819;0;22987
8;1047;708710;51819;0;45259
8;1048;709686;51820;0;22505
8;1049;710351;51821;0;64804
8;1050;710953;51822;0;8638
8;1051;711648;51823;0;53891
8;1052;712236;51823;0;18966
8;1053;712908;51824;0;24701
8;1054;713491;51824;0;50806
8;1055;714190;51825;0;24200
8;1056;714792;51826;0;28503
8;1057;715476;51826;0;36072
8;1058;716041;51827;0;15005
8;1059;716725;51827;0;1122
8;1060;717333;51828;0;2496
8;1061;718019;51829;0;36617
8;1062;718606;51829;0;6328
8;1063;719259;51830;0;27526
8;1064;719850;51831;0;36942
8;1065;720533;51831;0;62834
8;1066;721128;51832;0;16045
8;1067;721801;51833;0;51824
8;1068;722369;51833;0;36202
8;1069;723052;51834;0;50422
8;1070;723652;51834;0;13903
8;1071;724351;51835;0;52774
8;1072;724927;51836;0;33782
8;1073;725603;51836;0;53479
8;1074;726232;51837;0;1541
8;1075;726930;51838;0;3561
8;1076;727517;51838;0;57398
8;1077;728175;51839;0;41009
8;1078;728779;51840;0;53435
8;1079;729465;51840;0;10773
8;1080;730052;51841;0;45120
8;1081;730736;51842;0;29919
8;1082;731316;51842;0;53299
8;1083;731999;51843;0;37645
8;1084;732589;51843;0;14852
8;1085;733273;51844;0;56069
8;1086;733855;51845;0;52505
8;1087;734529;51845;0;53218
8;1088;735119;51846;0;11193
8;1089;735805;51846;0;36579
8;1090;736409;51847;0;31922
8;1091;737066;51848;0;20517
8;1092;737682;51848;0;8242
8;1093;738379;51849;0;52706
8;1094;738965;51850;0;30880
8;1095;739669;51850;0;65299
8;1096;740274;51851;0;37396
8;1097;740956;51852;0;44724
8;1098;741556;51852;0;10169
8;1099;742240;51853;0;11924
8;1100;742829;51853;0;52622
8;1101;743501;51854;0;19547
8;1102;744102;51855;0;8686
8;1103;744780;51855;0;30513
8;1104;745368;51856;0;8971
8;1105;746022;51857;0;10425
8;1106;746614;51857;0;48894
8;1107;747310;51858;0;33960
8;1108;747899;51859;0;1206
8;1109;748594;51859;0;13124
8;1110;749167;51860;0;9813
8;1111;749853;51861;0;18099
8;1112;750441;51861;0;62473
8;1113;751126;51862;0;22848
8;1114;751731;51862;0;15064
8;1115;752412;51863;0;56979
8;1116;753000;51864;0;4039
8;1117;754021;51865;0;59277
8;1118;754703;51865;0;19842
8;1119;755305;51866;0;59131
8;1120;755988;51867;0;31735
8;1121;756555;51867;0;22998
8;1122;757227;51868;0;9880
8;1123;757819;51869;0;9254
8;1124;758518;51869;0;38523
8;1125;759117;51870;0;57780
8;1126;759774;51870;0;21706
8;1127;760365;51871;0;26742
8;1128;761059;51872;0;64134
8;1129;761648;51872;0;48179
8;1130;762323;51873;0;50848
8;1131;762904;51874;0;38252
8;1132;763588;51874;0;4884
8;1133;764178;51875;0;61210
8;1134;764877;51876;0;22080
8;1135;765465;51876;0;59722
8;1136;766133;51877;0;10041
8;1137;766725;51878;0;8070
8;1138;767408;51878;0;40481
8;1139;768000;51879;0;31298
8;1140;768655;51879;0;5045
8;1141;769255;51880;0;59562
8;1142;769940;51881;0;56079
8;1143;770541;51881;0;54507
8;1144;771211;51882;0;46627
8;1145;771794;51882;0;40764
8;1146;772475;51883;0;675
8;1147;773092;51884;0;36987
8;1148;773768;51885;0;35644
8;1149;774339;51885;0;13677
8;1150;775023;51886;0;55868
8;1151;775609;51886;0;6950
8;1152;776306;51887;0;41527
8;1153;776899;51888;0;28087
8;1154;777554;51888;0;22317
8;1155;778143;51889;0;43460
8;1156;778827;51890;0;34837
8;1157;779430;51890;0;3784
8;1158;780113;51891;0;39448
8;1159;780682;51891;0;60549
8;1160;781381;51892;0;24060
8;1161;781968;51893;0;36845
8;1162;782653;51893;0;3400
8;1163;783231;51894;0;50501
8;1164;783911;51895;0;35366
8;1165;784499;51895;0;17913
8;1166;785187;51896;0;33650
8;1167;785790;51897;0;45357
8;1168;786458;51897;0;22465
8;1169;787060;51898;0;59152
8;1170;787745;51898;0;42943
8;1171;788334;51899;0;62749
8;1172;789013;51900;0;62212
8;1173;789582;51900;0;36278
8;1174;790264;51901;0;7962
8;1175;790877;51902;0;47264
8;1176;791576;51902;0;31010
8;1177;792143;51903;0;1912
8;1178;792826;51904;0;19871
8;1179;793417;51904;0;47306
8;1180;794102;51905;0;40537
8;1181;794703;51905;0;55923
8;1182;795368;51906;0;62300
8;1183;795976;51907;0;8786
8;1184;796665;51907;0;45712
8;1185;797254;51908;0;50651
8;1186;797940;51909;0;3044
8;1187;798930;51910;0;31642
8;1188;799662;51910;0;57770
8;1189;800251;51911;0;51293
8;1190;800934;51912;0;18597
8;1191;801518;51912;0;21919
8;1192;802188;51913;0;5526
8;1193;802784;51914;0;41901
8;1194;803483;51914;0;9371
8;1195;804085;51915;0;19115
8;1196;804770;51915;0;40972
8;1197;805352;51916;0;36621
8;1198;806024;51917;0;32659
8;1199;806629;51917;0;680
8;1200;807315;51918;0;50887
8;1201;807917;51918;0;35123
8;1202;808588;51919;0;31448
8;1203;809181;51920;0;24528
8;1204;809865;51921;0;63291
8;1205;810479;51921;0;50544
8;1206;811169;51922;0;39351
8;1207;811761;51922;0;43125
8;1208;812438;51923;0;59101
8;1209;813022;51924;0;15615
8;1210;813717;51924;0;22955
8;1211;814285;51925;0;25941
8;1212;814969;51926;0;23385
8;1213;815555;51926;0;51308
8;1214;816254;51927;0;27978
8;1215;816854;51928;0;45299
8;1216;817524;51928;0;4801
8;1217;818115;51929;0;30170
8;1218;818810;51930;0;21134
8;1219;819398;51930;0;44416
8;1220;820075;51931;0;13223
8;1221;820666;51932;0;15854
8;1222;821352;51932;0;56726
8;1223;821938;51933;0;7268
8;1224;822622;51933;0;41353
8;1225;823215;51934;0;40778
8;1226;823884;51935;0;14169
8;1227;824472;51935;0;61609
8;1228;825161;51936;0;9359
8;1229;825765;51936;0;937
8;1230;826419;51937;0;54808
8;1231;827033;51938;0;7420
8;1232;827729;51938;0;22875
8;1233;828329;51939;0;61667
8;1234;829012;51940;0;2126
8;1235;829577;51940;0;30189
8;1236;830270;51941;0;49624
8;1237;830864;51942;0;22447
8;1238;831559;51942;0;60491
8;1239;832143;51943;0;7171
8;1240;832829;51944;0;33450
8;1241;833419;51944;0;41239
8;1242;834102;51945;0;42687
8;1243;834693;51945;0;56036
8;1244;835346;51946;0;36823
8;1245;835956;51947;0;58195
8;1246;836638;51947;0;18780
8;1247;837242;51948;0;60322
8;1248;837913;51949;0;20840
8;1249;838490;51949;0;21093
8;1250;839187;51950;0;23328
8;1251;839808;51951;0;63931
8;1252;840484;51951;0;14482
8;1253;841067;51952;0;39122
8;1254;841739;51952;0;36113
8;1255;842340;51953;0;45331
8;1256;843492;51954;0;6637
8;1257;844134;51955;0;64864
8;1258;844858;51956;0;49849
8;1259;845465;51956;0;55541
8;1260;846185;51957;0;18946
8;1261;846780;51958;0;6069
8;1262;847488;51958;0;23700
8;1263;848115;51959;0;59214
8;1264;848827;51960;0;56580
8;1265;849471;51960;0;34846
8;1266;850169;51961;0;28107
8;1267;850767;51962;0;24138
8;1268;851489;51962;0;1076
8;1269;852115;51963;0;49978
8;1270;852837;51964;0;54356
8;1271;853431;51964;0;6298
8;1272;854137;51965;0;35027
8;1273;854763;51966;0;111
8;1274;855490;51966;0;53772
8;1275;856125;51967;0;44529
8;1276;856834;51968;0;49968
8;1277;857435;51968;0;47976
8;1278;858158;51969;0;53385
8;1279;858777;51970;0;14388
8;1280;859474;51970;0;33192
8;1281;860071;51971;0;15641
8;1282;860761;51971;0;23290
8;1283;861368;51972;0;3395
8;1284;862093;51973;0;5437
8;1285;862719;51973;0;49020
8;1286;863407;51974;0;39348
8;1287;864047;51975;0;30557
8;1288;864760;51976;0;31567
8;1289;865367;51976;0;24258
8;1290;866087;51977;0;26872
8;1291;866686;51977;0;45614
8;1292;867402;51978;0;55159
8;1293;868028;51979;0;28249
8;1294;868734;51979;0;41552
8;1295;869343;51980;0;31214
8;1296;870032;51981;0;9226
8;1297;870652;51981;0;43405
8;1298;871346;51982;0;22903
8;1299;871970;51983;0;28986
8;1300;872688;51983;0;16672
8;1301;873305;51984;0;31249
8;1302;874004;51985;0;61734
8;1303;874627;51985;0;19591
8;1304;875349;51986;0;11498
8;1305;875953;51987;0;62777
8;1306;876642;51987;0;59763
8;1307;877266;51988;0;1768
8;1308;878003;51989;0;43029
8;1309;878624;51989;0;24730
8;1310;879366;51990;0;14376
8;1311;879990;51991;0;29150
8;1312;880664;51991;0;27712
8;1313;881300;51992;0;53901
8;1314;882012;51993;0;23817
8;1315;882618;51993;0;38052
8;1316;883309;51994;0;20397
8;1317;883900;51995;0;49455
8;1318;884640;51995;0;5466
8;1319;885265;51996;0;16575
8;1320;885971;51997;0;7422
8;1321;886610;51997;0;46769
8;1322;887702;51998;0;31387
8;1323;888309;51999;0;418
8;1324;888995;52000;0;28969
8;1325;889618;52000;0;33430
8;1326;890326;52001;0;49959
8;1327;890930;52002;0;20262
8;1328;891659;52002;0;11115
8;1329;892258;52003;0;19728
8;1330;892957;52004;0;17471
8;1331;893564;52004;0;12152
8;1332;894288;52005;0;18892
8;1333;894915;52006;0;49669
8;1334;895603;52006;0;38775
8;1335;896222;52007;0;35641
8;1336;896928;52008;0;9546
8;1337;897564;52008;0;50619
8;1338;898239;52009;0;16289
8;1339;898806;52009;0;8686
8;1340;899493;52010;0;64801
8;1341;900085;52011;0;35632
8;1342;900766;52011;0;8778
8;1343;901349;52012;0;60508
8;1344;902032;52013;0;45710
8;1345;902658;52013;0;56314
8;1346;903342;52014;0;7979
8;1347;903946;52015;0;37558
8;1348;904613;52015;0;50342
8;1349;905201;52016;0;7366
8;1350;905884;52017;0;3810
8;1351;906478;52017;0;1581
8;1352;907150;52018;0;40495
8;1353;907732;52018;0;16742
8;1354;908407;52019;0;50054
8;1355;909000;52020;0;16382
8;1356;909685;52020;0;56788
8;1357;910286;52021;0;44211
8;1358;910959;52022;0;42783
8;1359;911560;52022;0;17230
8;1360;912244;52023;0;50384
8;1361;912833;52024;0;27255
8;1362;913488;52024;0;2029
8;1363;914083;52025;0;45154
8;1364;914794;52026;0;20112
8;1365;915381;52026;0;50704
8;1366;916056;52027;0;11176
8;1367;916634;52027;0;53302
8;1368;917332;52028;0;37838
8;1369;917934;52029;0;19618
8;1370;918632;52029;0;13520
8;1371;919200;52030;0;19262
8;1372;919891;52031;0;56406
8;1373;920479;52031;0;26137
8;1374;921168;52032;0;28536
8;1375;921757;52033;0;14181
8;1376;922422;52033;0;22012
8;1377;923013;52034;0;57810
8;1378;923710;52034;0;43671
8;1379;924298;52035;0;51219
8;1380;924980;52036;0;46455
8;1381;925550;52036;0;39415
8;1382;926251;52037;0;21665
8;1383;926839;52038;0;59949
8;1384;927523;52038;0;61054
8;1385;928088;52039;0;6961
8;1386;928762;52040;0;11528
8;1387;929350;52040;0;14922
8;1388;930034;52041;0;62813
8;1389;930629;52041;0;3548
8;1390;931287;52042;0;8933
8;1391;931881;52043;0;2896
8;1392;933042;52044;0;17235
8;1393;933645;52044;0;41082
8;1394;934329;52045;0;31847
8;1395;934918;52046;0;42703
8;1396;935587;52046;0;48346
8;1397;936188;52047;0;10977
8;1398;936875;52048;0;55701
8;1399;937462;52048;0;44057
8;1400;938148;52049;0;58080
8;1401;938724;52050;0;11271
8;1402;939404;52050;0;8273
8;1403;940006;52051;0;4850
8;1404;940709;52051;0;37291
8;1405;941279;52052;0;17876
8;1406;941961;52053;0;5744
8;1407;942562;52053;0;27899
8;1408;943244;52054;0;12898
8;1409;943833;52055;0;19154
8;1410;944486;52055;0;44272
8;1411;945074;52056;0;58245
8;1412;945755;52056;0;6929
8;1413;946348;52057;0;1982
8;1414;947044;52058;0;22235
8;1415;947663;52058;0;1656
8;1416;948362;52059;0;8871
8;1417;948965;52060;0;40558
8;1418;949650;52060;0;46731
8;1419;950214;52061;0;52558
8;1420;950888;52062;0;47122
8;1421;951492;52062;0;57594
8;1422;952178;52063;0;43551
8;1423;952767;52063;0;57580
8;1424;953421;52064;0;33693
8;1425;954007;52065;0;17007
8;1426;954703;52065;0;19163
8;1427;955316;52066;0;26970
8;1428;955991;52067;0;52063
8;1429;956555;52067;0;46473
8;1430;957239;52068;0;25317
8;1431;957837;52069;0;16816
8;1432;958536;52069;0;30554
8;1433;959112;52070;0;4892
8;1434;959796;52070;0;21039
8;1435;960397;52071;0;9634
8;1436;961081;52072;0;22883
8;1437;961670;52072;0;13124
8;1438;962348;52073;0;22669
8;1439;962943;52074;0;593
8;1440;963640;52074;0;40449
8;1441;964242;52075;0;56131
8;1442;964915;52076;0;56767
8;1443;965480;52076;0;62026
8;1444;966163;52077;0;54806
8;1445;966775;52078;0;13278
8;1446;967463;52078;0;11415
8;1447;968033;52079;0;14255
8;1448;968703;52079;0;33046
8;1449;969293;52080;0;49210
8;1450;969982;52081;0;3440
8;1451;970582;52081;0;53570
8;1452;971251;52082;0;42454
8;1453;971851;52082;0;48960
8;1454;972535;52083;0;12462
8;1455;973121;52084;0;65419
8;1456;973793;52084;0;50851
8;1457;974384;52085;0;12507
8;1458;975072;52086;0;39297
8;1459;975673;52086;0;49782
8;1460;976371;52087;0;28404
8;1461;977467;52088;0;11053
8;1462;978055;52089;0;62852
8;1463;978725;52089;0;13556
8;1464;979309;52090;0;42819
8;1465;979995;52091;0;40305
8;1466;980581;52091;0;9287
8;1467;981266;52092;0;40950
8;1468;981833;52092;0;47972
8;1469;982529;52093;0;51248
8;1470;983130;52094;0;30662
8;1471;983830;52095;0;63666
8;1472;984434;52095;0;23704
8;1473;985089;52096;0;6425
8;1474;985676;52096;0;64576
8;1475;986372;52097;0;12199
8;1476;986968;52098;0;51979
8;1477;987651;52098;0;15088
8;1478;988217;52099;0;17862
8;1479;988904;52100;0;6856
8;1480;989505;52100;0;54858
8;1481;990187;52101;0;37640
8;1482;990768;52101;0;51491
8;1483;991452;52102;0;55607
8;1484;992052;52103;0;38129
8;1485;992746;52104;0;38785
8;1486;993348;52104;0;58677
8;1487;994017;52105;0;45972
8;1488;994606;52105;0;41905
8;1489;995288;52106;0;38201
8;1490;995890;52107;0;9719
8;1491;996574;52107;0;41055
8;1492;997179;52108;0;30811
8;1493;997858;52109;0;20479
8;1494;998450;52109;0;3043
8;1495;999136;52110;0;24095
8;1496;999702;52110;0;53500
8;1497;1000375;52111;0;35721
8;1498;1000978;52112;0;41458
8;1499;1001657;52112;0;21471
8;1500;1002244;52113;0;64168
8;1501;1002897;52114;0;11032
8;1502;1003489;52114;0;33464
8;1503;1004173;52115;0;25899
8;1504;1004773;52115;0;64706
8;1505;1005453;52116;0;36873
8;1506;1006033;52117;0;62831
8;1507;1006731;52117;0;61522
8;1508;1007348;52118;0;32705
8;1509;1008022;52119;0;33293
8;1510;1008603;52119;0;26452
8;1511;1009299;52120;0;35345
8;1512;1009901;52121;0;37363
8;1513;1010576;52121;0;977
8;1514;1011177;52122;0;11166
8;1515;1011836;52123;0;64193
8;1516;1012449;52123;0;41612
8;1517;1013138;52124;0;46695
8;1518;1013732;52124;0;5369
8;1519;1014418;52125;0;35909
8;1520;1014985;52126;0;7289
8;1521;1015668;52126;0;63930
8;1522;1016271;52127;0;49134
8;1523;1016967;52128;0;5239
8;1524;1017536;52128;0;4553
8;1525;1018220;52129;0;29749
8;1526;1018809;52129;0;5941
8;1527;1019492;52130;0;30871
8;1528;1020097;52131;0;26830
8;1529;1020776;52132;0;28817
8;1530;1021805;52133;0;58631
8;1531;1022480;52133;0;9311
8;1532;1023068;52134;0;42724
8;1533;1023759;52134;0;19184
8;1534;1024325;52135;0;60607
8;1535;1024994;52136;0;8933
8;1536;1025584;52136;0;40577
8;1537;1026268;52137;0;65140
8;1538;1026858;52138;0;58999
8;1539;1027539;52138;0;23086
8;1540;1028132;52139;0;13596
8;1541;1028827;52140;0;5156
8;1542;1029417;52140;0;39105
8;1543;1030087;52141;0;3351
8;1544;1030665;52141;0;55949
8;1545;1031348;52142;0;32309
8;1546;1031951;52143;0;8665
8;1547;1032648;52143;0;52730
8;1548;1033214;52144;0;44023
8;1549;1033905;52145;0;53480
8;1550;1034503;52145;0;11799
8;1551;1035188;52146;0;52094
8;1552;1035787;52147;0;47243
8;1553;1036464;52147;0;10443
8;1554;1037054;52148;0;3861
8;1555;1037742;52149;0;61450
8;1556;1038331;52149;0;50190
8;1557;1039013;52150;0;42524
8;1558;1039596;52150;0;8150
8;1559;1040297;52151;0;34943
8;1560;1040901;52152;0;52330
8;1561;1041575;52152;0;33812
8;1562;1042157;52153;0;11989
8;1563;1042841;52154;0;40854
8;1564;1043441;52154;0;59243
8;1565;1044131;52155;0;48685
8;1566;1044734;52155;0;51920
8;1567;1045403;52156;0;45842
8;1568;1046008;52157;0;29471
8;1569;1046696;52158;0;411
8;1570;1047304;52158;0;12483
8;1571;1047982;52159;0;12986
8;1572;1048552;52159;0;13425
8;1573;1049234;52160;0;25779
8;1574;1049824;52161;0;56685
8;1575;1050521;52161;0;17051
8;1576;1051114;52162;0;50134
8;1577;1051797;52163;0;57657
8;1578;1052385;52163;0;17741
8;1579;1053069;52164;0;33446
8;1580;1053673;52164;0;60455
8;1581;1054329;52165;0;50282
8;1582;1054946;52166;0;20736
8;1583;1055630;52167;0;45268
8;1584;1056221;52167;0;62261
8;1585;1056889;52168;0;19588
8;1586;1057458;52168;0;2114
8;1587;1058141;52169;0;6127
8;1588;1058729;52170;0;11498
8;1589;1059413;52170;0;17510
8;1590;1059980;52171;0;10126
8;1591;1060650;52171;0;60202
8;1592;1061241;52172;0;24215
8;1593;1061923;52173;0;7289
8;1594;1062515;52173;0;56185
8;1595;1063182;52174;0;29415
8;1596;1063784;52175;0;23903
8;1597;1064459;52175;0;6479
8;1598;1065049;52176;0;29832
8;1599;1065722;52177;0;10519
8;1600;1066437;52177;0;41299
8;1601;1067026;52178;0;28989
8;1602;1067709;52178;0;35791
8;1603;1068300;52179;0;28388
8;1604;1068971;52180;0;46339
8;1605;1069534;52180;0;16948
8;1606;1070236;52181;0;56032
8;1607;1070824;52182;0;16419
8;1608;1071508;52182;0;49841
8;1609;1072072;52183;0;41692
8;1610;1072745;52184;0;47303
8;1611;1073360;52184;0;33815
8;1612;1074049;52185;0;8797
8;1613;1074639;52186;0;44395
8;1614;1075304;52186;0;50946
8;1615;1075908;52187;0;35198
8;1616;1076614;52187;0;9971
8;1617;1077214;52188;0;52097
8;1618;1077904;52189;0;45722
8;1619;1078472;52189;0;51639
8;1620;1079158;52190;0;60153
8;1621;1079747;52190;0;16146
8;1622;1080433;52191;0;35287
8;1623;1081011;52192;0;48144
8;1624;1081685;52192;0;35849
8;1625;1082290;52193;0;258
8;1626;1082970;52194;0;53043
8;1627;1083573;52194;0;60810
8;1628;1084241;52195;0;46640
8;1629;1084844;52196;0;49317
8;1630;1085646;52196;0;34481
8;1631;1086332;52197;0;14146
8;1632;1086948;52198;0;18639
8;1633;1087622;52198;0;44324
8;1634;1088230;52199;0;29703
8;1635;1088925;52200;0;26014
8;1636;1089518;52200;0;13316
8;1637;1090212;52201;0;7283
8;1638;1090794;52202;0;25991
8;1639;1091481;52202;0;59187
8;1640;1092070;52203;0;65444
8;1641;1092756;52204;0;18569
8;1642;1093344;52204;0;60669
8;1643;1094000;52205;0;37808
8;1644;1094588;52205;0;8856
8;1645;1095271;52206;0;17924
8;1646;1096365;52207;0;5406
8;1647;1096956;52208;0;37528
8;1648;1097638;52208;0;16554
8;1649;1098227;52209;0;28737
8;1650;1098895;52210;0;11861
8;1651;1099474;52210;0;2718
8;1652;1100172;52211;0;19710
8;1653;1100777;52212;0;60789
8;1654;1101455;52212;0;20742
8;1655;1102035;52213;0;38815
8;1656;1102708;52214;0;28727
8;1657;1103306;52214;0;6501
8;1658;1104006;52215;0;13225
8;1659;1104607;52215;0;6838
8;1660;1105272;52216;0;22149
8;1661;1105862;52217;0;10563
8;1662;1106549;52217;0;34537
8;1663;1107151;52218;0;10778
8;1664;1107858;52219;0;22206
8;1665;1108426;52219;0;36637
8;1666;1109110;52220;0;43397
8;1667;1109714;52220;0;48002
8;1668;1110399;52221;0;33617
8;1669;1110985;52222;0;26777
8;1670;1111673;52223;0;55478
8;1671;1112273;52223;0;12036
8;1672;1112959;52224;0;38159
8;1673;1113545;52224;0;59381
8;1674;1114217;52225;0;40825
8;1675;1114819;52226;0;21917
8;1676;1115506;52226;0;64514
8;1677;1116106;52227;0;35066
8;1678;1116797;52228;0;4827
8;1679;1117376;52228;0;32278
8;1680;1118061;52229;0;52653
8;1681;1118648;52229;0;65179
8;1682;1119334;52230;0;25188
8;1683;1119917;52231;0;38835
8;1684;1120591;52231;0;29485
8;1685;1121193;52232;0;25410
8;1686;1121890;52233;0;18922
8;1687;1122494;52233;0;51323
8;1688;1123165;52234;0;65351
8;1689;1123766;52234;0;29348
8;1690;1124453;52235;0;54906
8;1691;1125043;52236;0;33087
8;1692;1125740;52236;0;35798
8;1693;1126305;52237;0;30015
8;1694;1126992;52238;0;25392
8;1695;1127581;52238;0;35661
8;1696;1128266;52239;0;15563
8;1697;1128830;52240;0;42114
8;1698;1129503;52240;0;4282
8;1699;1130106;52241;0;12794
8;1700;1130803;52242;0;31925
8;1701;1131389;52242;0;27313
8;1702;1132056;52243;0;38030
8;1703;1132649;52243;0;15184
8;1704;1133348;52244;0;55190
8;1705;1133950;52245;0;60802
8;1706;1134634;52245;0;63832
8;1707;1135213;52246;0;16372
8;1708;1135895;52247;0;47214
8;1709;1136483;52247;0;60120
8;1710;1137171;52248;0;4489
8;1711;1137753;52249;0;7373
8;1712;1138426;52249;0;8314
8;1713;1139015;52250;0;322
8;1714;1139696;52250;0;55112
8;1715;1140296;52251;0;35341
8;1716;1140952;52252;0;62360
8;1717;1141541;52252;0;51995
8;1718;1142227;52253;0;54704
8;1719;1142828;52253;0;60830
8;1720;1143493;52254;0;8105
8;1721;1144075;52255;0;28113
8;1722;1144779;52256;0;43070
8;1723;1145390;52256;0;61247
8;1724;1146088;52257;0;21953
8;1725;1146658;52257;0;15609
8;1726;1147328;52258;0;1990
8;1727;1147919;52259;0;54904
8;1728;1148604;52259;0;27631
8;1729;1149193;52260;0;41301
8;1730;1149847;52261;0;18161
8;1731;1150463;52261;0;25644
8;1732;1151143;52262;0;21338
8;1733;1151735;52262;0;25240
8;1734;1152403;52263;0;16225
8;1735;1152974;52264;0;49768
8;1736;1153662;52264;0;33236
8;1737;1154262;52265;0;37691
8;1738;1154938;52266;0;31850
8;1739;1156251;52267;0;32735
8;1740;1156947;52268;0;56434
8;1741;1157525;52268;0;34998
8;1742;1158222;52269;0;38222
8;1743;1158843;52270;0;42585
8;1744;1159540;52270;0;16847
8;1745;1160127;52271;0;46104
8;1746;1160797;52272;0;19304
8;1747;1161399;52272;0;26480
8;1748;1162095;52273;0;29510
8;1749;1162681;52273;0;45660
8;1750;1163362;52274;0;14622
8;1751;1163929;52275;0;38201
8;1752;1164612;52275;0;29265
8;1753;1165202;52276;0;9492
8;1754;1165884;52277;0;4211
8;1755;1166462;52277;0;16716
8;1756;1167149;52278;0;28234
8;1757;1167738;52278;0;61751
8;1758;1168434;52279;0;29857
8;1759;1169023;52280;0;48888
8;1760;1169679;52280;0;28974
8;1761;1170280;52281;0;22148
8;1762;1170978;52282;0;23134
8;1763;1171567;52282;0;17739
8;1764;1172241;52283;0;40514
8;1765;1172819;52284;0;2149
8;1766;1173503;52284;0;63240
8;1767;1174092;52285;0;5876
8;1768;1174790;52286;0;44115
8;1769;1175367;52286;0;43444
8;1770;1176051;52287;0;39686
8;1771;1176645;52287;0;37126
8;1772;1177330;52288;0;54119
8;1773;1177917;52289;0;228
8;1774;1178573;52289;0;997
8;1775;1179176;52290;0;11807
8;1776;1179858;52291;0;55176
8;1777;1180461;52291;0;59873
8;1778;1181134;52292;0;20080
8;1779;1181713;52293;0;2576
8;1780;1182411;52293;0;34646
8;1781;1183037;52294;0;14544
8;1782;1183714;52295;0;321
8;1783;1184295;52295;0;32221
8;1784;1184969;52296;0;51025
8;1785;1185571;52296;0;49353
8;1786;1186253;52297;0;20500
8;1787;1186861;52298;0;29519
8;1788;1187518;52298;0;15252
8;1789;1188120;52299;0;48237
8;1790;1188794;52299;0;21398
8;1791;1189400;52300;0;41994
8;1792;1190084;52301;0;8089
8;1793;1190677;52301;0;24518
8;1794;1191353;52302;0;14745
8;1795;1191943;52303;0;38993
8;1796;1192642;52303;0;12708
8;1797;1193209;52304;0;6272
8;1798;1193880;52305;0;6815
8;1799;1194469;52305;0;41789
8;1800;1195155;52306;0;63141
8;1801;1195758;52307;0;64285
8;1802;1196412;52307;0;56580
8;1803;1197018;52308;0;3825
8;1804;1197712;52308;0;14331
8;1805;1198313;52309;0;50270
8;1806;1198990;52310;0;17113
8;1807;1199559;52310;0;3537
8;1808;1200254;52311;0;33449
8;1809;1200847;52312;0;28829
8;1810;1201531;52312;0;10758
8;1811;1202112;52313;0;23393
8;1812;1202808;52314;0;8299
8;1813;1203401;52314;0;23258
8;1814;1204097;52315;0;11960
8;1815;1204688;52315;0;4225
8;1816;1205346;52316;0;12353
8;1817;1205947;52317;0;62508
8;1818;1206622;52317;0;58716
8;1819;1207216;52318;0;65324
8;1820;1207890;52319;0;24156
8;1821;1208456;52319;0;32393
8;1822;1209146;52320;0;57717
8;1823;1209737;52320;0;40238
8;1824;1210420;52321;0;55152
8;1825;1211004;52322;0;575
8;1826;1211682;52322;0;23719
8;1827;1212285;52323;0;14677
8;1828;1212967;52324;0;24737
8;1829;1213569;52324;0;9483
8;1830;1214223;52325;0;11702
8;1831;1215060;52326;0;16645
8;1832;1216253;52327;0;4128
8;1833;1216840;52328;0;37245
8;1834;1217527;52328;0;23775
8;1835;1218111;52329;0;34090
8;1836;1218795;52330;0;9030
8;1837;1219400;52330;0;57667
8;1838;1220086;52331;0;14592
8;1839;1220675;52332;0;44110
8;1840;1221328;52332;0;51465
8;1841;1221914;52333;0;46757
8;1842;1222596;52333;0;52114
8;1843;1223186;52334;0;6281
8;1844;1223861;52335;0;4834
8;1845;1224425;52335;0;13660
8;1846;1225109;52336;0;4171
8;1847;1225703;52336;0;18883
8;1848;1226389;52337;0;40489
8;1849;1226967;52338;0;42477
8;1850;1227642;52338;0;33212
8;1851;1228231;52339;0;43682
8;1852;1228920;52340;0;27932
8;1853;1229521;52340;0;27154
8;1854;1230188;52341;0;28551
8;1855;1230789;52342;0;41212
8;1856;1231477;52342;0;37831
8;1857;1232081;52343;0;38740
8;1858;1232745;52343;0;35572
8;1859;1233338;52344;0;27454
8;1860;1234031;52345;0;39925
8;1861;1234623;52345;0;150
8;1862;1235319;52346;0;41530
8;1863;1235900;52347;0;22509
8;1864;1236599;52347;0;11352
8;1865;1237202;52348;0;63164
8;1866;1237880;52349;0;40309
8;1867;1238484;52349;0;50589
8;1868;1239141;52350;0;42570
8;1869;1239731;52351;0;29124
8;1870;1240416;52351;0;37108
8;1871;1241034;52352;0;1578
8;1872;1241754;52352;0;53021
8;1873;1242323;52353;0;51142
8;1874;1243006;52354;0;11234
8;1875;1243623;52354;0;34517
8;1876;1244302;52355;0;37683
8;1877;1244868;52356;0;20475
8;1878;1245547;52356;0;50164
8;1879;1246138;52357;0;7217
8;1880;1246823;52358;0;37791
8;1881;1247414;52358;0;63552
8;1882;1248078;52359;0;32627
8;1883;1248680;52360;0;15963
8;1884;1249381;52360;0;21000
8;1885;1249986;52361;0;579
8;1886;1250648;52361;0;9966
8;1887;1251214;52362;0;32454
8;1888;1251915;52363;0;43904
8;1889;1252507;52363;0;24996
8;1890;1253192;52364;0;5835
8;1891;1253770;52365;0;63311
8;1892;1254446;52365;0;51090
8;1893;1255035;52366;0;12420
8;1894;1255727;52367;0;38403
8;1895;1256319;52367;0;42945
8;1896;1256981;52368;0;65398
8;1897;1257572;52368;0;1429
8;1898;1258255;52369;0;6856
8;1899;1258843;52370;0;49132
8;1900;1259528;52370;0;3045
8;1901;1260098;52371;0;22502
8;1902;1260796;52372;0;3950
8;1903;1261397;52372;0;53289
8;1904;1262081;52373;0;48566
8;1905;1262648;52373;0;30222
8;1906;1263322;52374;0;36032
8;1907;1263925;52375;0;12771
8;1908;1264624;52376;0;16852
8;1909;1265214;52376;0;54476
8;1910;1265878;52377;0;6674
8;1911;1266469;52377;0;12807
8;1912;1267152;52378;0;45147
8;1913;1267756;52379;0;40708
8;1914;1268419;52379;0;47286
8;1915;1268987;52380;0;46947
8;1916;1269672;52380;0;20496
8;1917;1270261;52381;0;16262
8;1918;1270945;52382;0;5274
8;1919;1271525;52382;0;8156
8;1920;1272211;52383;0;57382
8;1921;1272804;52384;0;10257
8;1922;1273488;52384;0;42456
8;1923;1274089;52385;0;832
8;1924;1274748;52386;0;20633
8;1925;1275896;52387;0;39449
8;1926;1276473;52387;0;18606
8;1927;1277156;52388;0;20635
8;1928;1277754;52389;0;42232
8;1929;1278451;52389;0;53735
8;1930;1279039;52390;0;31906
8;1931;1279723;52391;0;44486
8;1932;1280314;52391;0;5431
8;1933;1281000;52392;0;20860
8;1934;1281587;52393;0;19588
8;1935;1282271;52393;0;16031
8;1936;1282849;52394;0;60685
8;1937;1283549;52394;0;24565
8;1938;1284166;52395;0;15811
8;1939;1284844;52396;0;63562
8;1940;1285419;52396;0;56923
8;1941;1286106;52397;0;28478
8;1942;1286696;52398;0;54996
8;1943;1287395;52398;0;13719
8;1944;1288010;52399;0;19727
8;1945;1288668;52399;0;62427
8;1946;1289268;52400;0;4585
8;1947;1289963;52401;0;57018
8;1948;1290568;52401;0;45356
8;1949;1291250;52402;0;19608
8;1950;1291817;52403;0;20832
8;1951;1292501;52403;0;16662
8;1952;1293090;52404;0;6395
8;1953;1293774;52405;0;55936
8;1954;1294353;52405;0;37987
8;1955;1295044;52406;0;51668
8;1956;1295646;52406;0;52636
8;1957;1296351;52407;0;9481
8;1958;1296936;52408;0;31922
8;1959;1297594;52408;0;27964
8;1960;1298186;52409;0;14889
8;1961;1298885;52410;0;60280
8;1962;1299470;52410;0;34307
8;1963;1300143;52411;0;56694
8;1964;1300723;52412;0;50558
8;1965;1301407;52412;0;25465
8;1966;1302003;52413;0;64865
8;1967;1302685;52414;0;14788
8;1968;1303253;52414;0;517
8;1969;1303922;52415;0;56128
8;1970;1304521;52415;0;6966
8;1971;1305236;52416;0;56576
8;1972;1305842;52417;0;41983
8;1973;1306508;52417;0;13378
8;1974;1307111;52418;0;55812
8;1975;1307794;52419;0;58793
8;1976;1308380;52419;0;5025
8;1977;1309055;52420;0;58741
8;1978;1309622;52421;0;57482
8;1979;1310306;52421;0;24448
8;1980;1310897;52422;0;57189
8;1981;1311582;52422;0;54876
8;1982;1312148;52423;0;34683
8;1983;1312834;52424;0;17879
8;1984;1313425;52424;0;19360
8;1985;1314119;52425;0;5408
8;1986;1314710;52425;0;31732
8;1987;1315363;52426;0;19373
8;1988;1315954;52427;0;25833
8;1989;1316642;52427;0;36194
8;1990;1317245;52428;0;27984
8;1991;1317926;52429;0;11467
8;1992;1318507;52429;0;57180
8;1993;1319203;52430;0;57044
8;1994;1321203;52432;0;51876
8;1995;1321888;52433;0;24931
8;1996;1322478;52433;0;11591
8;1997;1323158;52434;0;32758
8;1998;1323738;52434;0;39386
8;1999;1324444;52435;0;23211
8;2000;1325059;52436;0;26043
8;2001;1325730;52437;0;16078
8;2002;1326309;52437;0;38802
8;2003;1326986;52438;0;64639
8;2004;1327577;52439;0;52429
8;2005;1328272;52439;0;64319
8;2006;1328866;52440;0;36279
8;2007;1329534;52440;0;63080
8;2008;1330151;52441;0;3913
8;2009;1330839;52442;0;45539
8;2010;1331427;52442;0;45923
8;2011;1332100;52443;0;19584
8;2012;1332680;52443;0;1614
8;2013;1333363;52444;0;31953
8;2014;1333966;52445;0;61514
8;2015;1334663;52445;0;26379
8;2016;1335256;52446;0;13931
8;2017;1335942;52447;0;9368
8;2018;1336559;52447;0;62450
8;2019;1337233;52448;0;64337
8;2020;1337835;52449;0;1548
8;2021;1338493;52449;0;25260
8;2022;1339094;52450;0;24063
8;2023;1339779;52451;0;23538
8;2024;1340368;52451;0;36771
8;2025;1341038;52452;0;22803
8;2026;1341603;52452;0;58658
8;2027;1342286;52453;0;44322
8;2028;1342903;52454;0;53865
8;2029;1343577;52454;0;47463
8;2030;1344158;52455;0;44046
8;2031;1344841;52456;0;28650
8;2032;1345443;52456;0;38592
8;2033;1346138;52457;0;46910
8;2034;1346739;52458;0;640
8;2035;1347396;52458;0;10049
8;2036;1347986;52459;0;23900
8;2037;1348668;52459;0;31652
8;2038;1349279;52460;0;20530
8;2039;1349978;52461;0;40691
8;2040;1350560;52461;0;38526
8;2041;1351265;52462;0;55536
8;2042;1351852;52463;0;56405
8;2043;1352549;52463;0;45298
8;2044;1353128;52464;0;47006
8;2045;1353803;52465;0;48242
8;2046;1354405;52465;0;39093
8;2047;1355084;52466;0;896
8;2048;1355673;52467;0;55094
8;2049;1356327;52467;0;12589
8;2050;1356914;52468;0;28371
8;2051;1357601;52468;0;33479
8;2052;1358190;52469;0;10443
8;2053;1358874;52470;0;39861
8;2054;1359451;52470;0;26768
8;2055;1360125;52471;0;29685
8;2056;1360727;52471;0;18721
8;2057;1361414;52472;0;35817
8;2058;1361994;52473;0;55775
8;2059;1362682;52473;0;61788
8;2060;1363285;52474;0;46960
8;2061;1363981;52475;0;1223
8;2062;1364579;52475;0;35489
8;2063;1365246;52476;0;20436
8;2064;1365833;52477;0;54909
8;2065;1366524;52477;0;918
8;2066;1367111;52478;0;8744
8;2067;1367784;52479;0;27083
8;2068;1368350;52479;0;18582
8;2069;1369062;52480;0;35539
8;2070;1369660;52480;0;54157
8;2071;1370358;52481;0;55014
8;2072;1370941;52482;0;38098
8;2073;1371624;52482;0;20567
8;2074;1372230;52483;0;12301
8;2075;1372926;52484;0;50238
8;2076;1373530;52484;0;21584
8;2077;1374198;52485;0;6700
8;2078;1374785;52486;0;36704
8;2079;1375482;52486;0;59539
8;2080;1376075;52487;0;59339
8;2081;1376772;52488;0;64822
8;2082;1377337;52488;0;52632
8;2083;1378022;52489;0;715
8;2084;1378626;52489;0;12331
8;2085;1379982;52491;0;36044
8;2086;1380585;52491;0;48259
8;2087;1381272;52492;0;65477
8;2088;1381865;52493;0;21834
8;2089;1382527;52493;0;37732
8;2090;1383114;52494;0;35825
8;2091;1383812;52495;0;21288
8;2092;1384414;52495;0;29903
8;2093;1385070;52496;0;52302
8;2094;1385669;52496;0;27183
8;2095;1386364;52497;0;50667
8;2096;1386973;52498;0;50186
8;2097;1387650;52498;0;53142
8;2098;1388214;52499;0;61809
8;2099;1388899;52500;0;56598
8;2100;1389487;52500;0;27710
8;2101;1390185;52501;0;42333
8;2102;1390750;52502;0;38315
8;2103;1391424;52502;0;50711
8;2104;1392025;52503;0;45873
8;2105;1392712;52504;0;49732
8;2106;1393298;52504;0;45735
8;2107;1393949;52505;0;7914
8;2108;1394549;52505;0;26135
8;2109;1395260;52506;0;15134
8;2110;1395873;52507;0;34914
8;2111;1396556;52507;0;34737
8;2112;1397138;52508;0;64803
8;2113;1397821;52509;0;40829
8;2114;1398416;52509;0;25445
8;2115;1399099;52510;0;33140
8;2116;1399689;52510;0;42106
8;2117;1400362;52511;0;53336
8;2118;1400952;52512;0;33314
8;2119;1401637;52512;0;32416
8;2120;1402241;52513;0;39487
8;2121;1402897;52514;0;40794
8;2122;1403496;52514;0;11815
8;2123;1404208;52515;0;51856
8;2124;1404811;52516;0;12379
8;2125;1405495;52516;0;53418
8;2126;1406061;52517;0;7292
8;2127;1406767;52517;0;50253
8;2128;1407366;52518;0;56836
8;2129;1408062;52519;0;33601
8;2130;1408652;52519;0;23530
8;2131;1409338;52520;0;47149
8;2132;1409941;52521;0;63657
8;2133;1410640;52522;0;48115
8;2134;1411224;52522;0;2403
8;2135;1411891;52523;0;38685
8;2136;1412487;52523;0;769
8;2137;1413171;52524;0;16192
8;2138;1413757;52525;0;38997
8;2139;1414430;52525;0;31990
8;2140;1415025;52526;0;50229
8;2141;1415723;52527;0;9301
8;2142;1416327;52527;0;35455
8;2143;1417004;52528;0;47012
8;2144;1417586;52528;0;8522
8;2145;1418264;52529;0;14932
8;2146;1418851;52530;0;17846
8;2147;1419536;52530;0;13515
8;2148;1420128;52531;0;10013
8;2149;1420782;52532;0;53415
8;2150;1421369;52532;0;27459
8;2151;1422053;52533;0;41359
8;2152;1422641;52533;0;24122
8;2153;1423311;52534;0;29466
8;2154;1423903;52535;0;53851
8;2155;1424588;52535;0;7648
8;2156;1425178;52536;0;34641
8;2157;1425862;52537;0;1478
8;2158;1426441;52537;0;25961
8;2159;1427126;52538;0;38524
8;2160;1427734;52539;0;49927
8;2161;1428411;52539;0;51677
8;2162;1428999;52540;0;61253
8;2163;1429671;52540;0;22114
8;2164;1430259;52541;0;9920
8;2165;1430943;52542;0;6645
8;2166;1431534;52542;0;45856
8;2167;1432205;52543;0;4717
8;2168;1432771;52543;0;46370
8;2169;1433455;52544;0;3338
8;2170;1434055;52545;0;46318
8;2171;1434729;52545;0;37398
8;2172;1435301;52546;0;60235
8;2173;1435985;52547;0;32527
8;2174;1436587;52547;0;24908
8;2175;1437276;52548;0;29281
8;2176;1437880;52549;0;39924
8;2177;1439828;52551;0;49792
8;2178;1440420;52551;0;49537
8;2179;1441119;52552;0;31417
8;2180;1441708;52552;0;33154
8;2181;1442387;52553;0;10421
8;2182;1442967;52554;0;59042
8;2183;1443654;52554;0;42749
8;2184;1444258;52555;0;15788
8;2185;1444947;52556;0;9663
8;2186;1445513;52556;0;21852
8;2187;1446186;52557;0;30334
8;2188;1446776;52558;0;33348
8;2189;1447463;52558;0;35288
8;2190;1448052;52559;0;65373
8;2191;1448707;52560;0;37963
8;2192;1449309;52560;0;49827
8;2193;1449990;52561;0;57073
8;2194;1450578;52561;0;5157
8;2195;1451253;52562;0;39567
8;2196;1451822;52563;0;35622
8;2197;1452504;52563;0;34322
8;2198;1453095;52564;0;30805
8;2199;1453776;52565;0;49678
8;2200;1454354;52565;0;63078
8;2201;1455026;52566;0;8640
8;2202;1455617;52566;0;54179
8;2203;1456313;52567;0;21650
8;2204;1456906;52568;0;29538
8;2205;1457571;52568;0;9515
8;2206;1458162;52569;0;42637
8;2207;1458852;52570;0;25765
8;2208;1459454;52570;0;41558
8;2209;1460149;52571;0;9577
8;2210;1460731;52571;0;13926
8;2211;1461436;52572;0;54810
8;2212;1462038;52573;0;16502
8;2213;1462721;52573;0;30122
8;2214;1463299;52574;0;51321
8;2215;1463973;52575;0;39751
8;2216;1464566;52575;0;48351
8;2217;1465246;52576;0;34834
8;2218;1465842;52577;0;5642
8;2219;1466509;52577;0;12031
8;2220;1467114;52578;0;36244
8;2221;1467795;52579;0;1270
8;2222;1468386;52579;0;44579
8;2223;1469070;52580;0;40006
8;2224;1469653;52580;0;50191
8;2225;1470339;52581;0;24937
8;2226;1470930;52582;0;52125
8;2227;1471616;52582;0;54536
8;2228;1472197;52583;0;37263
8;2229;1472869;52584;0;31774
8;2230;1473459;52584;0;6785
8;2231;1474147;52585;0;61324
8;2232;1474751;52586;0;35611
8;2233;1475407;52586;0;42641
8;2234;1475995;52587;0;53360
8;2235;1476677;52587;0;53430
8;2236;1477266;52588;0;36833
8;2237;1477936;52589;0;22533
8;2238;1478514;52589;0;44735
8;2239;1479188;52590;0;56264
8;2240;1479794;52590;0;30984
8;2241;1480478;52591;0;39132
8;2242;1481094;52592;0;9258
8;2243;1481761;52593;0;24028
8;2244;1482364;52593;0;29296
8;2245;1483048;52594;0;21204
8;2246;1483648;52594;0;41069
8;2247;1484315;52595;0;38423
8;2248;1484904;52596;0;6199
8;2249;1485588;52596;0;35168
8;2250;1486175;52597;0;29075
8;2251;1486850;52598;0;17187
8;2252;1487415;52598;0;50375
8;2253;1488126;52599;0;26301
8;2254;1488715;52599;0;28180
8;2255;1489412;52600;0;10644
8;2256;1489982;52601;0;34459
8;2257;1490652;52601;0;17122
8;2258;1491240;52602;0;5200
8;2259;1491928;52603;0;42560
8;2260;1492535;52603;0;21994
8;2261;1493193;52604;0;33902
8;2262;1493782;52605;0;26038
8;2263;1494479;52605;0;46927
8;2264;1495079;52606;0;38915
8;2265;1495753;52607;0;3541
8;2266;1496316;52607;0;9939
8;2267;1497000;52608;0;22211
8;2268;1497592;52608;0;40879
8;2269;1498278;52609;0;53397
8;2270;1498870;52610;0;57312
8;2271;1500120;52611;0;18851
8;2272;1500728;52612;0;56993
8;2273;1501415;52612;0;42472
8;2274;1502016;52613;0;56104
8;2275;1502691;52614;0;22614
8;2276;1503259;52614;0;25428
8;2277;1503944;52615;0;47739
8;2278;1504539;52615;0;23371
8;2279;1505248;52616;0;27005
8;2280;1505826;52617;0;61256
8;2281;1506508;52617;0;27658
8;2282;1507115;52618;0;16428
8;2283;1507804;52619;0;21699
8;2284;1508419;52619;0;9177
8;2285;1509096;52620;0;58661
8;2286;1509701;52620;0;12989
8;2287;1510384;52621;0;21324
8;2288;1510977;52622;0;49033
8;2289;1511644;52622;0;19031
8;2290;1512224;52623;0;49328
8;2291;1512922;52624;0;40192
8;2292;1513511;52624;0;64926
8;2293;1514206;52625;0;22355
8;2294;1514774;52625;0;40708
8;2295;1515448;52626;0;22580
8;2296;1516067;52627;0;54155
8;2297;1516753;52627;0;29157
8;2298;1517355;52628;0;28919
8;2299;1518014;52629;0;35951
8;2300;1518631;52629;0;61515
8;2301;1519310;52630;0;57968
8;2302;1519899;52631;0;47134
8;2303;1520573;52631;0;44275
8;2304;1521156;52632;0;60996
8;2305;1521842;52633;0;31203
8;2306;1522428;52633;0;39205
8;2307;1523110;52634;0;62686
8;2308;1523675;52634;0;46546
8;2309;1524346;52635;0;56838
8;2310;1524935;52636;0;33553
8;2311;1525617;52636;0;30949
8;2312;1526210;52637;0;495
8;2313;1526882;52638;0;65524
8;2314;1527489;52638;0;4986
8;2315;1528173;52639;0;9147
8;2316;1528764;52640;0;12244
8;2317;1529461;52640;0;45703
8;2318;1530040;52641;0;18789
8;2319;1530731;52641;0;4048
8;2320;1531332;52642;0;48169
8;2321;1532020;52643;0;42765
8;2322;1532585;52643;0;57253
8;2323;1533272;52644;0;26373
8;2324;1533875;52644;0;45254
8;2325;1534571;52645;0;64749
8;2326;1535158;52646;0;7543
8;2327;1535816;52647;0;26552
8;2328;1536409;52647;0;47446
8;2329;1537106;52648;0;64301
8;2330;1537694;52648;0;47008
8;2331;1538398;52649;0;30656
8;2332;1538979;52650;0;21528
8;2333;1539692;52650;0;49781
8;2334;1540306;52651;0;35456
8;2335;1541002;52652;0;49083
8;2336;1541586;52652;0;32674
8;2337;1542260;52653;0;42927
8;2338;1542859;52654;0;41592
8;2339;1543570;52654;0;617
8;2340;1544174;52655;0;1987
8;2341;1544842;52656;0;22621
8;2342;1545429;52656;0;56825
8;2343;1546126;52657;0;28054
8;2344;1546740;52658;0;62470
8;2345;1547420;52658;0;44577
8;2346;1548001;52659;0;21851
8;2347;1548689;52659;0;57086
8;2348;1549284;52660;0;17218
8;2349;1549985;52661;0;9503
8;2350;1550561;52661;0;9862
8;2351;1551239;52662;0;21942
8;2352;1551833;52662;0;862
8;2353;1552529;52663;0;34745
8;2354;1553116;52664;0;47906
8;2355;1553773;52664;0;6618
8;2356;1554362;52665;0;50758
8;2357;1555064;52666;0;12249
8;2358;1555661;52666;0;44670
8;2359;1556332;52667;0;11586
8;2360;1556898;52668;0;65192
8;2361;1557581;52668;0;1637
8;2362;1559404;52670;0;57990
8;2363;1560102;52671;0;38712
8;2364;1560721;52671;0;6755
8;2365;1561399;52672;0;48905
8;2366;1561980;52673;0;18426
8;2367;1562685;52673;0;51502
8;2368;1563276;52674;0;47654
8;2369;1563969;52675;0;52673
8;2370;1564535;52675;0;45599
8;2371;1565206;52676;0;27188
8;2372;1565793;52677;0;8430
8;2373;1566480;52677;0;42160
8;2374;1567070;52678;0;32714
8;2375;1567727;52678;0;21564
8;2376;1568319;52679;0;16701
8;2377;1569015;52680;0;35216
8;2378;1569606;52680;0;36077
8;2379;1570276;52681;0;33600
8;2380;1570868;52682;0;20482
8;2381;1571550;52682;0;36819
8;2382;1572157;52683;0;28864
8;2383;1572855;52684;0;1705
8;2384;1573448;52684;0;62600
8;2385;1574122;52685;0;64293
8;2386;1574712;52686;0;32850
8;2387;1575401;52686;0;60301
8;2388;1575991;52687;0;1393
8;2389;1576642;52687;0;65043
8;2390;1577232;52688;0;3987
8;2391;1577920;52689;0;54051
8;2392;1578508;52689;0;41181
8;2393;1579191;52690;0;44501
8;2394;1579773;52691;0;1812
8;2395;1580486;52691;0;4623
8;2396;1581112;52692;0;20305
8;2397;1581797;52693;0;34536
8;2398;1582379;52693;0;17793
8;2399;1583077;52694;0;12625
8;2400;1583685;52695;0;22870
8;2401;1584369;52695;0;11590
8;2402;1584973;52696;0;58608
8;2403;1585628;52696;0;1874
8;2404;1586215;52697;0;35247
8;2405;1586899;52698;0;47565
8;2406;1587485;52698;0;55338
8;2407;1588165;52699;0;7986
8;2408;1588731;52699;0;15565
8;2409;1589416;52700;0;65321
8;2410;1590011;52701;0;31333
8;2411;1590698;52701;0;49628
8;2412;1591277;52702;0;3095
8;2413;1591976;52703;0;51396
8;2414;1592566;52703;0;19989
8;2415;1593270;52704;0;4048
8;2416;1593862;52705;0;39029
8;2417;1594519;52705;0;35940
8;2418;1595108;52706;0;59438
8;2419;1595799;52707;0;56960
8;2420;1596391;52707;0;35461
8;2421;1597061;52708;0;2808
8;2422;1597626;52708;0;24949
8;2423;1598308;52709;0;29978
8;2424;1598892;52710;0;48063
8;2425;1599589;52710;0;33890
8;2426;1600159;52711;0;56818
8;2427;1600844;52712;0;5058
8;2428;1601436;52712;0;33734
8;2429;1602120;52713;0;36012
8;2430;1602709;52713;0;42307
8;2431;1603377;52714;0;42872
8;2432;1603982;52715;0;61431
8;2433;1604665;52715;0;59010
8;2434;1605264;52716;0;53334
8;2435;1605951;52717;0;33293
8;2436;1606532;52717;0;49118
8;2437;1607235;52718;0;64110
8;2438;1607837;52718;0;29840
8;2439;1608547;52719;0;3679
8;2440;1609128;52720;0;59750
8;2441;1609803;52721;0;47031
8;2442;1610387;52721;0;49598
8;2443;1611085;52722;0;2864
8;2444;1611680;52722;0;55245
8;2445;1612348;52723;0;19314
8;2446;1612938;52724;0;2130
8;2447;1613649;52724;0;21839
8;2448;1614254;52725;0;57033
8;2449;1614938;52726;0;50966
8;2450;1615503;52726;0;42006
8;2451;1616184;52727;0;59533
8;2452;1616776;52727;0;52073
8;2453;1617464;52728;0;5013
8;2454;1618736;52730;0;29829
8;2455;1619420;52730;0;61741
8;2456;1620029;52731;0;7207
8;2457;1620703;52731;0;55390
8;2458;1621282;52732;0;32832
8;2459;1621966;52733;0;4988
8;2460;1622554;52733;0;48653
8;2461;1623255;52734;0;40453
8;2462;1623823;52735;0;30614
8;2463;1624497;52735;0;48202
8;2464;1625105;52736;0;32221
8;2465;1625806;52737;0;45710
8;2466;1626395;52737;0;44851
8;2467;1627049;52738;0;18735
8;2468;1627651;52738;0;26980
8;2469;1628358;52739;0;32748
8;2470;1628959;52740;0;5569
8;2471;1629635;52740;0;51609
8;2472;1630243;52741;0;55457
8;2473;1630923;52742;0;51695
8;2474;1631524;52742;0;26451
8;2475;1632211;52743;0;56584
8;2476;1632778;52743;0;57058
8;2477;1633473;52744;0;58467
8;2478;1634059;52745;0;15434
8;2479;1634756;52745;0;9582
8;2480;1635349;52746;0;31307
8;2481;1636007;52747;0;5105
8;2482;1636608;52747;0;55595
8;2483;1637309;52748;0;9145
8;2484;1637903;52749;0;26841
8;2485;1638574;52749;0;56011
8;2486;1639140;52750;0;65452
8;2487;1639822;52751;0;17409
8;2488;1640426;52751;0;49643
8;2489;1641126;52752;0;48704
8;2490;1641719;52752;0;11122
8;2491;1642395;52753;0;51878
8;2492;1642997;52754;0;55268
8;2493;1643681;52754;0;49743
8;2494;1644268;52755;0;24773
8;2495;1644921;52756;0;50399
8;2496;1645510;52756;0;28468
8;2497;1646195;52757;0;10104
8;2498;1646781;52758;0;43492
8;2499;1647453;52758;0;45886
8;2500;1648044;52759;0;22651
8;2501;1648731;52759;0;11968
8;2502;1649331;52760;0;55547
8;2503;1650007;52761;0;55649
8;2504;1650572;52761;0;48185
8;2505;1651247;52762;0;45070
8;2506;1651837;52762;0;8355
8;2507;1652525;52763;0;36603
8;2508;1653115;52764;0;35761
8;2509;1653769;52765;0;48215
8;2510;1654358;52765;0;26804
8;2511;1655043;52766;0;4016
8;2512;1655633;52766;0;7779
8;2513;1656304;52767;0;5201
8;2514;1656882;52768;0;23655
8;2515;1657565;52768;0;36119
8;2516;1658156;52769;0;48667
8;2517;1658838;52770;0;40687
8;2518;1659406;52770;0;14056
8;2519;1660092;52771;0;3605
8;2520;1660692;52771;0;12843
8;2521;1661369;52772;0;3104
8;2522;1661955;52773;0;41293
8;2523;1662634;52773;0;42563
8;2524;1663237;52774;0;48550
8;2525;1663924;52775;0;53635
8;2526;1664527;52775;0;14408
8;2527;1665213;52776;0;15402
8;2528;1665792;52777;0;9486
8;2529;1666474;52777;0;30424
8;2530;1667085;52778;0;33273
8;2531;1667767;52779;0;62443
8;2532;1668333;52779;0;34123
8;2533;1669003;52780;0;63766
8;2534;1669593;52780;0;52021
8;2535;1670278;52781;0;34682
8;2536;1670883;52782;0;51600
8;2537;1671536;52782;0;37780
8;2538;1672130;52783;0;3308
8;2539;1672815;52784;0;52221
8;2540;1673420;52784;0;10527
8;2541;1674111;52785;0;39833
8;2542;1674685;52785;0;38597
8;2543;1675386;52786;0;9414
8;2544;1675974;52787;0;31505
8;2545;1676660;52787;0;56438
8;2546;1677228;52788;0;28007
8;2547;1678052;52789;0;48317
8;2548;1678904;52790;0;836
8;2549;1679589;52790;0;33184
8;2550;1680177;52791;0;32335
8;2551;1680868;52792;0;25352
8;2552;1681452;52792;0;49068
8;2553;1682128;52793;0;7104
8;2554;1682735;52794;0;19033
8;2555;1683423;52794;0;49050
8;2556;1684005;52795;0;50593
8;2557;1684674;52795;0;24126
8;2558;1685263;52796;0;3735
8;2559;1685947;52797;0;40922
8;2560;1686552;52797;0;42107
8;2561;1687217;52798;0;27392
8;2562;1687813;52798;0;10375
8;2563;1688511;52799;0;23189
8;2564;1689112;52800;0;1561
8;2565;1689788;52801;0;40964
8;2566;1690382;52801;0;41190
8;2567;1691091;52802;0;47038
8;2568;1691681;52802;0;31381
8;2569;1692364;52803;0;60124
8;2570;1692955;52804;0;49440
8;2571;1693634;52804;0;17054
8;2572;1694234;52805;0;1490
8;2573;1694906;52806;0;33587
8;2574;1695499;52806;0;34382
8;2575;1696167;52807;0;50364
8;2576;1696774;52807;0;55132
8;2577;1697448;52808;0;475
8;2578;1698043;52809;0;30558
8;2579;1698729;52809;0;38975
8;2580;1699297;52810;0;5968
8;2581;1699980;52811;0;62390
8;2582;1700566;52811;0;10740
8;2583;1701252;52812;0;20682
8;2584;1701831;52813;0;62488
8;2585;1702501;52813;0;26130
8;2586;1703092;52814;0;37364
8;2587;1703790;52815;0;34895
8;2588;1704403;52815;0;52892
8;2589;1705069;52816;0;15170
8;2590;1705671;52816;0;53009
8;2591;1706348;52817;0;41638
8;2592;1706938;52818;0;16826
8;2593;1707606;52818;0;48360
8;2594;1708185;52819;0;5341
8;2595;1708880;52820;0;48994
8;2596;1709469;52820;0;23672
8;2597;1710166;52821;0;8860
8;2598;1710737;52822;0;47187
8;2599;1711409;52822;0;11918
8;2600;1712027;52823;0;35776
8;2601;1712704;52823;0;31456
8;2602;1713305;52824;0;34585
8;2603;1713958;52825;0;9187
8;2604;1714549;52825;0;61200
8;2605;1715232;52826;0;12731
8;2606;1715822;52826;0;53629
8;2607;1716498;52827;0;41229
8;2608;1717082;52828;0;24020
8;2609;1717761;52828;0;23452
8;2610;1718366;52829;0;15205
8;2611;1719053;52830;0;7940
8;2612;1719636;52830;0;27707
8;2613;1720325;52831;0;10750
8;2614;1720918;52832;0;29823
8;2615;1721605;52832;0;51500
8;2616;1722208;52833;0;2144
8;2617;1722980;52834;0;40224
8;2618;1723651;52834;0;33429
8;2619;1724252;52835;0;59239
8;2620;1724962;52836;0;47842
8;2621;1725562;52836;0;49615
8;2622;1726250;52837;0;39253
8;2623;1726855;52838;0;43059
8;2624;1727543;52838;0;14726
8;2625;1728569;52839;0;6444
8;2626;1730043;52841;0;62107
8;2627;1731446;52842;0;44381
8;2628;1732923;52844;0;49881
8;2629;1734324;52845;0;28308
8;2630;1735797;52847;0;6712
8;2631;1737191;52848;0;1932
8;2632;1738667;52849;0;57850
8;2633;1740069;52851;0;44343
8;2634;1741549;52852;0;21963
8;2635;1743459;52854;0;47541
8;2636;1744966;52856;0;51929
8;2637;1746374;52857;0;54724
8;2638;1747869;52859;0;28828
8;2639;1749289;52860;0;25952
8;2640;1750785;52862;0;13216
8;2641;1752207;52863;0;28497
8;2642;1753702;52865;0;55322
8;2643;1755108;52866;0;20043
8;2644;1756614;52867;0;5097
8;2645;1758033;52869;0;31678
8;2646;1759530;52870;0;42706
8;2647;1760949;52872;0;58381
8;2648;1762438;52873;0;39334
8;2649;1763859;52875;0;44363
8;2650;1765353;52876;0;23981
8;2651;1766784;52878;0;21847
8;2652;1768279;52879;0;30978
8;2653;1769687;52880;0;52157
8;2654;1771183;52882;0;42836
8;2655;1772603;52883;0;2558
8;2656;1774099;52885;0;14895
8;2657;1775518;52886;0;49053
8;2658;1777009;52888;0;42160
8;2659;1778419;52889;0;16445
8;2660;1779914;52890;0;47966
8;2661;1781334;52892;0;14989
8;2662;1782827;52893;0;13892
8;2663;1784250;52895;0;30599
8;2664;1785735;52896;0;52985
8;2665;1787154;52898;0;4289
8;2666;1788646;52899;0;29255
8;2667;1790063;52901;0;27793
8;2668;1791568;52902;0;28421
8;2669;1792981;52904;0;1525
8;2670;1794476;52905;0;44690
8;2671;1795893;52907;0;11917
8;2672;1797389;52908;0;62570
8;2673;1798810;52910;0;19225
8;2674;1800306;52911;0;33213
8;2675;1801718;52912;0;12497
8;2676;1803213;52914;0;59892
8;2677;1804631;52915;0;22472
8;2678;1806122;52917;0;15085
8;2679;1807542;52918;0;36157
8;2680;1809028;52920;0;33825
8;2681;1810448;52921;0;54732
8;2682;1811946;52923;0;28052
8;2683;1813367;52924;0;2671
8;2684;1814873;52926;0;56569
8;2685;1816291;52927;0;10213
8;2686;1817784;52929;0;29249
8;2687;1819203;52930;0;6555
8;2688;1820702;52932;0;55520
8;2689;1822120;52933;0;38195
8;2690;1823617;52935;0;59148
8;2691;1825027;52936;0;60377
8;2692;1826523;52938;0;26333
8;2693;1827942;52939;0;16717
8;2694;1829438;52940;0;43316
8;2695;1830858;52942;0;63288
8;2696;1832341;52943;0;34165
8;2697;1833761;52945;0;61518
8;2698;1835254;52946;0;2516
8;2699;1836683;52948;0;37427
8;2700;1838583;52950;0;9515
8;2701;1839995;52951;0;41731
8;2702;1841493;52952;0;35689
8;2703;1842912;52954;0;44003
8;2704;1844406;52955;0;44542
8;2705;1845823;52957;0;46930
8;2706;1847317;52958;0;54886
8;2707;1848729;52960;0;16409
8;2708;1850223;52961;0;409
8;2709;1851645;52963;0;4003
8;2710;1853138;52964;0;51631
8;2711;1854561;52966;0;51611
8;2712;1856044;52967;0;56107
8;2713;1857462;52968;0;28725
8;2714;1858955;52970;0;15604
8;2715;1860376;52971;0;13333
8;2716;1861871;52973;0;14582
8;2717;1863294;52974;0;58514
8;2718;1864786;52976;0;58696
8;2719;1866216;52977;0;7273
8;2720;1867709;52979;0;18143
8;2721;1869130;52980;0;60665
8;2722;1870625;52982;0;4177
8;2723;1872033;52983;0;2315
8;2724;1873529;52985;0;19953
8;2725;1874953;52986;0;30824
8;2726;1876447;52987;0;11600
8;2727;1877862;52989;0;52354
8;2728;1879347;52990;0;30998
8;2729;1880771;52992;0;39317
8;2730;1882263;52993;0;46620
8;2731;1883681;52995;0;19264
8;2732;1885175;52996;0;10179
8;2733;1886596;52998;0;20502
8;2734;1888091;52999;0;14528
8;2735;1889512;53001;0;42039
8;2736;1891005;53002;0;34323
8;2737;1892428;53003;0;27327
8;2738;1893925;53005;0;15646
8;2739;1895333;53006;0;3883
8;2740;1896822;53008;0;52902
8;2741;1898243;53009;0;35313
8;2742;1899739;53011;0;2713
8;2743;1901159;53012;0;24010
8;2744;1902647;53014;0;41260
8;2745;1904067;53015;0;14165
8;2746;1905564;53017;0;56147
8;2747;1906983;53018;0;34588
8;2748;1908476;53020;0;234
8;2749;1909892;53021;0;24122
8;2750;1911389;53022;0;4346
8;2751;1912809;53024;0;50397
8;2752;1914305;53025;0;19180
8;2753;1915725;53027;0;20876
8;2754;1917228;53028;0;4621
8;2755;1918642;53030;0;16912
8;2756;1920139;53031;0;14037
8;2757;1921570;53033;0;2366
8;2758;1923062;53034;0;34947
8;2759;1924482;53036;0;63600
8;2760;1925975;53037;0;50915
8;2761;1927383;53038;0;1314
8;2762;1928880;53040;0;24955
8;2763;1930319;53041;0;14139
8;2764;1931821;53043;0;12011
8;2765;1935149;53046;0;1164
8;2766;1936624;53048;0;39154
8;2767;1938026;53049;0;8884
8;2768;1939503;53051;0;8532
8;2769;1940894;53052;0;58375
8;2770;1942370;53053;0;47655
8;2771;1943770;53055;0;31853
8;2772;1945247;53056;0;18352
8;2773;1946653;53058;0;18492
8;2774;1948126;53059;0;56242
8;2775;1949517;53061;0;18818
8;2776;1950995;53062;0;22963
8;2777;1952400;53063;0;16652
8;2778;1953875;53065;0;30656
8;2779;1955278;53066;0;50466
8;2780;1956742;53068;0;41085
8;2781;1958154;53069;0;56680
8;2782;1959630;53071;0;36069
8;2783;1961031;53072;0;41907
8;2784;1962507;53074;0;8507
8;2785;1963901;53075;0;6921
8;2786;1965378;53076;0;6556
8;2787;1966776;53078;0;54988
8;2788;1968252;53079;0;39185
8;2789;1969654;53081;0;17036
8;2790;1971130;53082;0;51745
8;2791;1972522;53084;0;44615
8;2792;1973997;53085;0;9454
8;2793;1975401;53086;0;52725
8;2794;1976876;53088;0;6144
8;2795;1978276;53089;0;7349
8;2796;1979745;53091;0;52565
8;2797;1981159;53092;0;23424
8;2798;1982637;53094;0;8232
8;2799;1984041;53095;0;18971
8;2800;1985512;53096;0;37207
8;2801;1986912;53098;0;33689
8;2802;1988388;53099;0;26761
8;2803;1989789;53101;0;41691
8;2804;1991264;53102;0;36237
8;2805;1992668;53104;0;14698
8;2806;1994145;53105;0;24734
8;2807;1995536;53106;0;9705
8;2808;1997023;53108;0;32825
8;2809;1998423;53109;0;64630
8;2810;1999900;53111;0;3329
8;2811;2001301;53112;0;13918
8;2812;2002767;53114;0;26105
8;2813;2006106;53117;0;52662
8;2814;2007583;53119;0;45167
8;2815;2008983;53120;0;26438
8;2816;2010457;53121;0;48168
8;2817;2011854;53123;0;859
8;2818;2013330;53124;0;47025
8;2819;2014733;53126;0;15504
8;2820;2016205;53127;0;60598
8;2821;2017607;53129;0;48152
8;2822;2019084;53130;0;52045
8;2823;2020476;53131;0;64518
8;2824;2021951;53133;0;27653
8;2825;2023356;53134;0;63777
8;2826;2024835;53136;0;24654
8;2827;2026235;53137;0;18647
8;2828;2027710;53139;0;13206
8;2829;2029123;53140;0;17667
8;2830;2030599;53141;0;24026
8;2831;2032002;53143;0;31712
8;2832;2033478;53144;0;29817
8;2833;2034869;53146;0;28996
8;2834;2036344;53147;0;57243
8;2835;2037748;53149;0;4578
8;2836;2039224;53150;0;24720
8;2837;2040629;53151;0;20407
8;2838;2042103;53153;0;45478
8;2839;2043496;53154;0;32084
8;2840;2044972;53156;0;57702
8;2841;2046372;53157;0;18269
8;2842;2047845;53159;0;49208
8;2843;2049249;53160;0;41992
8;2844;2050718;53162;0;40833
8;2845;2052131;53163;0;4715
8;2846;2053606;53165;0;61261
8;2847;2055009;53166;0;44489
8;2848;2056484;53167;0;1236
8;2849;2057881;53169;0;5109
8;2850;2059357;53170;0;11819
8;2851;2060755;53172;0;4363
8;2852;2062232;53173;0;5213
8;2853;2063636;53175;0;24186
8;2854;2065111;53176;0;49518
8;2855;2066501;53177;0;25850
8;2856;2067977;53179;0;19193
8;2857;2069381;53180;0;13536
8;2858;2070859;53182;0;21423
8;2859;2072259;53183;0;63401
8;2860;2073725;53185;0;46863
8;2861;2075150;53186;0;54862
8;2862;2076625;53187;0;50786
8;2863;2078026;53189;0;59662
8;2864;2079500;53190;0;63973
8;2865;2080893;53192;0;64182
8;2866;2082370;53193;0;35617
8;2867;2083779;53195;0;64946
8;2868;2085252;53196;0;51367
8;2869;2086652;53197;0;17072
8;2870;2088133;53199;0;933
8;2871;2089525;53200;0;7838
8;2872;2090999;53202;0;62032
8;2873;2092399;53203;0;19078
8;2874;2093877;53205;0;46843
8;2875;2095277;53206;0;22978
8;2876;2096744;53208;0;16225
8;2877;2100179;53211;0;8463
8;2878;2101658;53213;0;48890
8;2879;2103072;53214;0;4617
8;2880;2104544;53215;0;5029
8;2881;2105935;53217;0;52182
8;2882;2107420;53218;0;25522
8;2883;2108823;53220;0;42368
8;2884;2110300;53221;0;64964
8;2885;2111702;53223;0;25748
8;2886;2113179;53224;0;2376
8;2887;2114571;53225;0;4516
8;2888;2116048;53227;0;28777
8;2889;2117450;53228;0;48471
8;2890;2118927;53230;0;15283
8;2891;2120328;53231;0;11992
8;2892;2121795;53233;0;27095
8;2893;2123206;53234;0;63437
8;2894;2124680;53236;0;25609
8;2895;2126082;53237;0;47192
8;2896;2127560;53238;0;28329
8;2897;2128955;53240;0;41578
8;2898;2130431;53241;0;2967
8;2899;2131841;53243;0;39554
8;2900;2133319;53244;0;21374
8;2901;2134724;53246;0;54921
8;2902;2136197;53247;0;49393
8;2903;2137586;53248;0;38840
8;2904;2139063;53250;0;64687
8;2905;2140467;53251;0;25941
8;2906;2141942;53253;0;14528
8;2907;2143346;53254;0;31649
8;2908;2144809;53256;0;13035
8;2909;2146221;53257;0;8226
8;2910;2147697;53259;0;52549
8;2911;2149100;53260;0;29431
8;2912;2150574;53261;0;31195
8;2913;2151967;53263;0;36044
8;2914;2153445;53264;0;64970
8;2915;2154854;53266;0;23369
8;2916;2156330;53267;0;22100
8;2917;2157733;53269;0;52936
8;2918;2159216;53270;0;49993
8;2919;2160606;53271;0;41570
8;2920;2162084;53273;0;15569
8;2921;2163483;53274;0;24944
8;2922;2164960;53276;0;34378
8;2923;2166363;53277;0;42602
8;2924;2167830;53279;0;50819
8;2925;2169241;53280;0;45118
8;2926;2170718;53282;0;15461
8;2927;2172119;53283;0;38808
8;2928;2173594;53284;0;38441
8;2929;2174986;53286;0;43039
8;2930;2176463;53287;0;37409
8;2931;2177866;53289;0;32811
8;2932;2179343;53290;0;21014
8;2933;2180744;53292;0;8939
8;2934;2182221;53293;0;37862
8;2935;2183608;53294;0;32511
8;2936;2185085;53296;0;52867
8;2937;2186485;53297;0;39244
8;2938;2187964;53299;0;62185
8;2939;2189365;53300;0;65233
8;2940;2190832;53302;0;61759
8;2941;2192247;53303;0;26912
8;2942;2194351;53305;0;33541
8;2943;2195753;53307;0;58968
8;2944;2197227;53308;0;50530
8;2945;2198616;53310;0;50518
8;2946;2200092;53311;0;55797
8;2947;2201494;53312;0;62903
8;2948;2202969;53314;0;27688
8;2949;2204370;53315;0;36984
8;2950;2205849;53317;0;23642
8;2951;2207242;53318;0;34516
8;2952;2208718;53320;0;34592
8;2953;2210118;53321;0;2214
8;2954;2211597;53322;0;32755
8;2955;2212996;53324;0;22467
8;2956;2214461;53325;0;55520
8;2957;2215862;53327;0;4543
8;2958;2217349;53328;0;29445
8;2959;2218753;53330;0;29645
8;2960;2220232;53331;0;9099
8;2961;2221625;53333;0;1201
8;2962;2223100;53334;0;5031
8;2963;2224499;53335;0;49495
8;2964;2225973;53337;0;2250
8;2965;2227384;53338;0;56834
8;2966;2228863;53340;0;31821
8;2967;2230257;53341;0;29638
8;2968;2231734;53343;0;45115
8;2969;2233136;53344;0;62364
8;2970;2234623;53346;0;20463
8;2971;2236050;53347;0;9280
8;2972;2237518;53348;0;14569
8;2973;2238918;53350;0;22183
8;2974;2240406;53351;0;34611
8;2975;2241805;53353;0;46725
8;2976;2243282;53354;0;26308
8;2977;2244672;53356;0;49114
8;2978;2246150;53357;0;21024
8;2979;2247552;53358;0;27435
8;2980;2249027;53360;0;40438
8;2981;2250428;53361;0;46347
8;2982;2251905;53363;0;63946
8;2983;2253296;53364;0;5809
8;2984;2254769;53366;0;11707
8;2985;2256170;53367;0;37106
8;2986;2257648;53369;0;189
8;2987;2259050;53370;0;12583
8;2988;2260515;53371;0;12955
8;2989;2261918;53373;0;14033
8;2990;2263403;53374;0;20874
8;2991;2264803;53376;0;25027
8;2992;2266279;53377;0;64542
8;2993;2267671;53379;0;43250
8;2994;2269150;53380;0;1147
8;2995;2270553;53381;0;26457
8;2996;2272028;53383;0;6242
8;2997;2273426;53384;0;36799
8;2998;2274900;53386;0;145
8;2999;2276294;53387;0;36024
8;3000;2277770;53389;0;58765
8;3001;2279169;53390;0;5115
8;3002;2280646;53392;0;38947
8;3003;2282052;53393;0;3741
8;3004;2283517;53394;0;54380
8;3005;2284919;53396;0;39448
8;3006;2286393;53397;0;12675
8;3007;2288313;53399;0;5410
8;3008;2289788;53401;0;20121
8;3009;2291179;53402;0;57657
8;3010;2292656;53404;0;19212
8;3011;2294057;53405;0;44498
8;3012;2295534;53406;0;17334
8;3013;2296938;53408;0;17746
8;3014;2298413;53409;0;23662
8;3015;2299807;53411;0;54300
8;3016;2301281;53412;0;46291
8;3017;2302680;53414;0;57324
8;3018;2304153;53415;0;51604
8;3019;2305555;53416;0;11552
8;3020;2307024;53418;0;56899
8;3021;2308427;53419;0;25354
8;3022;2309904;53421;0;27569
8;3023;2311316;53422;0;7734
8;3024;2312795;53424;0;55153
8;3025;2314187;53425;0;65340
8;3026;2315672;53427;0;17846
8;3027;2317073;53428;0;6345
8;3028;2318549;53429;0;28698
8;3029;2319953;53431;0;53852
8;3030;2321429;53432;0;21652
8;3031;2322824;53434;0;22038
8;3032;2324298;53435;0;2647
8;3033;2325699;53437;0;39413
8;3034;2327173;53438;0;27423
8;3035;2328575;53439;0;18257
8;3036;2330042;53441;0;51350
8;3037;2331444;53442;0;51186
8;3038;2332921;53444;0;29190
8;3039;2334333;53445;0;6197
8;3040;2335811;53447;0;58330
8;3041;2337202;53448;0;18333
8;3042;2338681;53449;0;5583
8;3043;2340080;53451;0;56381
8;3044;2341567;53452;0;63226
8;3045;2342968;53454;0;6520
8;3046;2344444;53455;0;8243
8;3047;2345838;53457;0;12438
8;3048;2347325;53458;0;56065
8;3049;2348725;53459;0;32519
8;3050;2350202;53461;0;5200
8;3051;2351604;53462;0;51636
8;3052;2353071;53464;0;8816
8;3053;2354470;53465;0;44675
8;3054;2355946;53467;0;4885
8;3055;2357359;53468;0;2385
8;3056;2358839;53470;0;56097
8;3057;2360231;53471;0;32544
8;3058;2361705;53472;0;2263
